ID_Produto;Nome_Produto;Categoria;Subcategoria;Marca;Preco_Base;Custo_Medio
1;Smartphone V1;Eletrônicos;Smartphone;Marca_B;2047.16;1640.81
2;Smartphone V2;Eletrônicos;Smartphone;Marca_C;338.45;227.95
3;Smartphone V3;Eletrônicos;Smartphone;Marca_B;4464.91;2735.41
4;Smartphone V4;Eletrônicos;Smartphone;Marca_B;2465.3;2060.47
5;Smartphone V5;Eletrônicos;Smartphone;Marca_C;2147.61;1531.71
6;Smartphone V6;Eletrônicos;Smartphone;Marca_D;3449.59;2676.34
7;Smartphone V7;Eletrônicos;Smartphone;Marca_A;1529.52;845.72
8;Smartphone V8;Eletrônicos;Smartphone;Marca_C;443.75;375.14
9;Smartphone V9;Eletrônicos;Smartphone;Marca_E;783.4;670.7
10;Smartphone V10;Eletrônicos;Smartphone;Marca_E;773.71;663.51
11;Smartphone V11;Eletrônicos;Smartphone;Marca_C;2245.56;1284.05
12;Smartphone V12;Eletrônicos;Smartphone;Marca_E;2279.43;1310.73
13;Smartphone V13;Eletrônicos;Smartphone;Marca_D;2581.42;1450.5
14;Smartphone V14;Eletrônicos;Smartphone;Marca_D;1134.85;845.44
15;Smartphone V15;Eletrônicos;Smartphone;Marca_B;3088.96;2756.65
16;Smartphone V16;Eletrônicos;Smartphone;Marca_C;3206.27;2018.19
17;Smartphone V17;Eletrônicos;Smartphone;Marca_B;4932.44;2896.26
18;Smartphone V18;Eletrônicos;Smartphone;Marca_D;2640.34;1752.75
19;Smartphone V19;Eletrônicos;Smartphone;Marca_B;3119.33;1728.64
20;Smartphone V20;Eletrônicos;Smartphone;Marca_D;376.87;260.86
21;Smartphone V21;Eletrônicos;Smartphone;Marca_C;970.93;718.73
22;Smartphone V22;Eletrônicos;Smartphone;Marca_B;3483.4;2551.76
23;Smartphone V23;Eletrônicos;Smartphone;Marca_A;713.41;629.79
24;Smartphone V24;Eletrônicos;Smartphone;Marca_A;2201.68;1652.08
25;Smartphone V25;Eletrônicos;Smartphone;Marca_A;4154.98;3302.36
26;Smartphone V26;Eletrônicos;Smartphone;Marca_E;1311.1;793.19
27;Smartphone V27;Eletrônicos;Smartphone;Marca_E;2708.72;1631.77
28;Smartphone V28;Eletrônicos;Smartphone;Marca_D;2887.43;1979.97
29;Smartphone V29;Eletrônicos;Smartphone;Marca_D;2225.05;1946.57
30;Smartphone V30;Eletrônicos;Smartphone;Marca_B;1741.85;1340.33
31;Smartphone V31;Eletrônicos;Smartphone;Marca_D;4151.28;2949.73
32;Smartphone V32;Eletrônicos;Smartphone;Marca_C;2884.69;1856.82
33;Smartphone V33;Eletrônicos;Smartphone;Marca_B;3654.75;2707.67
34;Smartphone V34;Eletrônicos;Smartphone;Marca_A;3129.17;2118.83
35;Smartphone V35;Eletrônicos;Smartphone;Marca_E;410.21;348.34
36;Smartphone V36;Eletrônicos;Smartphone;Marca_E;4343.86;3072.96
37;Smartphone V37;Eletrônicos;Smartphone;Marca_D;740.25;562.08
38;Smartphone V38;Eletrônicos;Smartphone;Marca_A;2312.67;1527.47
39;Smartphone V39;Eletrônicos;Smartphone;Marca_C;1239.01;785.96
40;Smartphone V40;Eletrônicos;Smartphone;Marca_A;576.98;468.85
41;Smartphone V41;Eletrônicos;Smartphone;Marca_C;2950.01;1865.26
42;Smartphone V42;Eletrônicos;Smartphone;Marca_A;4620.14;3027.81
43;Smartphone V43;Eletrônicos;Smartphone;Marca_A;3297.5;2868.18
44;Smartphone V44;Eletrônicos;Smartphone;Marca_B;4917.16;3837.06
45;Smartphone V45;Eletrônicos;Smartphone;Marca_D;1547.85;1228.82
46;Smartphone V46;Eletrônicos;Smartphone;Marca_C;1705.16;1335.03
47;Smartphone V47;Eletrônicos;Smartphone;Marca_A;4276.39;3489.2
48;Smartphone V48;Eletrônicos;Smartphone;Marca_B;1726.66;1026.86
49;Smartphone V49;Eletrônicos;Smartphone;Marca_E;1686.13;1071.68
50;Smartphone V50;Eletrônicos;Smartphone;Marca_C;4292.21;3554.22
51;Notebook V1;Eletrônicos;Notebook;Marca_C;1848.8;1397.41
52;Notebook V2;Eletrônicos;Notebook;Marca_E;3926.45;3270.37
53;Notebook V3;Eletrônicos;Notebook;Marca_A;4596.58;2674.14
54;Notebook V4;Eletrônicos;Notebook;Marca_B;4045.82;3165.72
55;Notebook V5;Eletrônicos;Notebook;Marca_A;1610.52;916.56
56;Notebook V6;Eletrônicos;Notebook;Marca_D;1710.89;991.69
57;Notebook V7;Eletrônicos;Notebook;Marca_C;471.03;410.45
58;Notebook V8;Eletrônicos;Notebook;Marca_B;1279.72;1049.61
59;Notebook V9;Eletrônicos;Notebook;Marca_B;3095.56;2525.2
60;Notebook V10;Eletrônicos;Notebook;Marca_D;612.54;457.47
61;Notebook V11;Eletrônicos;Notebook;Marca_E;1746.8;1076.45
62;Notebook V12;Eletrônicos;Notebook;Marca_C;364.77;305.17
63;Notebook V13;Eletrônicos;Notebook;Marca_B;4878.65;3395.33
64;Notebook V14;Eletrônicos;Notebook;Marca_A;482.47;276.1
65;Notebook V15;Eletrônicos;Notebook;Marca_D;1848.72;1065.95
66;Notebook V16;Eletrônicos;Notebook;Marca_A;1499.11;1252.95
67;Notebook V17;Eletrônicos;Notebook;Marca_C;4354.15;2988.79
68;Notebook V18;Eletrônicos;Notebook;Marca_B;4843.96;4345.25
69;Notebook V19;Eletrônicos;Notebook;Marca_B;3816.8;2378.71
70;Notebook V20;Eletrônicos;Notebook;Marca_A;2442.4;1875.96
71;Notebook V21;Eletrônicos;Notebook;Marca_D;4418.24;3054.74
72;Notebook V22;Eletrônicos;Notebook;Marca_D;2405.46;1641.67
73;Notebook V23;Eletrônicos;Notebook;Marca_A;706.41;446.16
74;Notebook V24;Eletrônicos;Notebook;Marca_C;4422.4;3245.19
75;Notebook V25;Eletrônicos;Notebook;Marca_E;4593.14;3505.99
76;Notebook V26;Eletrônicos;Notebook;Marca_E;4488.07;3299.66
77;Notebook V27;Eletrônicos;Notebook;Marca_C;795.32;512.42
78;Notebook V28;Eletrônicos;Notebook;Marca_B;2138.67;1655.45
79;Notebook V29;Eletrônicos;Notebook;Marca_C;3090.36;2626.27
80;Notebook V30;Eletrônicos;Notebook;Marca_D;3068.47;2432.59
81;Notebook V31;Eletrônicos;Notebook;Marca_A;3893.94;3250.03
82;Notebook V32;Eletrônicos;Notebook;Marca_B;1251.36;716.81
83;Notebook V33;Eletrônicos;Notebook;Marca_C;1256.46;792.16
84;Notebook V34;Eletrônicos;Notebook;Marca_D;2435.13;2120.81
85;Notebook V35;Eletrônicos;Notebook;Marca_D;4475.15;3966.73
86;Notebook V36;Eletrônicos;Notebook;Marca_D;3077.42;2415.43
87;Notebook V37;Eletrônicos;Notebook;Marca_D;3419.09;2051.98
88;Notebook V38;Eletrônicos;Notebook;Marca_E;3789.09;2914.43
89;Notebook V39;Eletrônicos;Notebook;Marca_B;2493.1;1844.19
90;Notebook V40;Eletrônicos;Notebook;Marca_A;3760.03;2412.26
91;Notebook V41;Eletrônicos;Notebook;Marca_E;3471.51;2690.08
92;Notebook V42;Eletrônicos;Notebook;Marca_C;1069.21;943.72
93;Notebook V43;Eletrônicos;Notebook;Marca_C;2190.3;1289.91
94;Notebook V44;Eletrônicos;Notebook;Marca_E;4377.25;2483.64
95;Notebook V45;Eletrônicos;Notebook;Marca_C;2381.94;2039.62
96;Notebook V46;Eletrônicos;Notebook;Marca_C;4725.1;3347.63
97;Notebook V47;Eletrônicos;Notebook;Marca_A;2571.36;1809.44
98;Notebook V48;Eletrônicos;Notebook;Marca_D;516.23;331.61
99;Notebook V49;Eletrônicos;Notebook;Marca_B;2752.62;2133.15
100;Notebook V50;Eletrônicos;Notebook;Marca_D;2872.91;2383.15
101;TV V1;Eletrônicos;TV;Marca_A;2595.65;2148.62
102;TV V2;Eletrônicos;TV;Marca_A;4624.58;3389.07
103;TV V3;Eletrônicos;TV;Marca_D;3820.96;3407.43
104;TV V4;Eletrônicos;TV;Marca_E;3833.1;2465.11
105;TV V5;Eletrônicos;TV;Marca_C;555.78;377.08
106;TV V6;Eletrônicos;TV;Marca_C;4656.64;3057.33
107;TV V7;Eletrônicos;TV;Marca_D;3691.19;2353.87
108;TV V8;Eletrônicos;TV;Marca_E;3725.66;2724.13
109;TV V9;Eletrônicos;TV;Marca_B;4473.11;3126.71
110;TV V10;Eletrônicos;TV;Marca_C;1553.37;1139.1
111;TV V11;Eletrônicos;TV;Marca_C;2127.0;1840.39
112;TV V12;Eletrônicos;TV;Marca_C;4335.64;3422.28
113;TV V13;Eletrônicos;TV;Marca_A;3358.12;2570.65
114;TV V14;Eletrônicos;TV;Marca_A;1948.84;1614.37
115;TV V15;Eletrônicos;TV;Marca_B;2430.78;1528.25
116;TV V16;Eletrônicos;TV;Marca_C;870.0;504.95
117;TV V17;Eletrônicos;TV;Marca_E;1529.63;1168.73
118;TV V18;Eletrônicos;TV;Marca_A;1420.37;924.97
119;TV V19;Eletrônicos;TV;Marca_D;2052.66;1230.77
120;TV V20;Eletrônicos;TV;Marca_E;2397.13;1529.8
121;TV V21;Eletrônicos;TV;Marca_D;4530.43;2544.52
122;TV V22;Eletrônicos;TV;Marca_B;654.81;501.96
123;TV V23;Eletrônicos;TV;Marca_D;3585.86;2804.87
124;TV V24;Eletrônicos;TV;Marca_E;1312.61;821.23
125;TV V25;Eletrônicos;TV;Marca_E;3378.41;2958.58
126;TV V26;Eletrônicos;TV;Marca_E;997.77;809.91
127;TV V27;Eletrônicos;TV;Marca_A;2468.01;2079.08
128;TV V28;Eletrônicos;TV;Marca_B;1840.67;1153.19
129;TV V29;Eletrônicos;TV;Marca_A;2996.91;1945.3
130;TV V30;Eletrônicos;TV;Marca_D;2214.95;1610.98
131;TV V31;Eletrônicos;TV;Marca_D;3503.02;3046.03
132;TV V32;Eletrônicos;TV;Marca_B;1075.43;873.74
133;TV V33;Eletrônicos;TV;Marca_D;4164.09;2470.85
134;TV V34;Eletrônicos;TV;Marca_C;1844.81;1490.33
135;TV V35;Eletrônicos;TV;Marca_A;4938.6;2983.08
136;TV V36;Eletrônicos;TV;Marca_E;1649.56;924.55
137;TV V37;Eletrônicos;TV;Marca_B;1767.81;1351.18
138;TV V38;Eletrônicos;TV;Marca_D;476.24;323.91
139;TV V39;Eletrônicos;TV;Marca_D;4258.25;3377.99
140;TV V40;Eletrônicos;TV;Marca_C;1620.98;1424.53
141;TV V41;Eletrônicos;TV;Marca_C;2132.72;1773.24
142;TV V42;Eletrônicos;TV;Marca_A;3151.06;2631.08
143;TV V43;Eletrônicos;TV;Marca_D;2308.31;1869.49
144;TV V44;Eletrônicos;TV;Marca_E;962.39;737.82
145;TV V45;Eletrônicos;TV;Marca_A;524.9;305.66
146;TV V46;Eletrônicos;TV;Marca_E;3692.36;2126.99
147;TV V47;Eletrônicos;TV;Marca_C;3321.22;2328.34
148;TV V48;Eletrônicos;TV;Marca_D;3534.59;3178.12
149;TV V49;Eletrônicos;TV;Marca_C;1929.81;1665.61
150;TV V50;Eletrônicos;TV;Marca_B;4441.03;2507.74
151;Fone V1;Eletrônicos;Fone;Marca_D;2063.46;1564.4
152;Fone V2;Eletrônicos;Fone;Marca_B;4129.43;2834.17
153;Fone V3;Eletrônicos;Fone;Marca_D;1669.84;1342.57
154;Fone V4;Eletrônicos;Fone;Marca_C;1026.98;777.82
155;Fone V5;Eletrônicos;Fone;Marca_C;366.36;309.65
156;Fone V6;Eletrônicos;Fone;Marca_C;4228.19;3375.26
157;Fone V7;Eletrônicos;Fone;Marca_B;1906.09;1487.54
158;Fone V8;Eletrônicos;Fone;Marca_C;4270.27;3777.66
159;Fone V9;Eletrônicos;Fone;Marca_B;2937.72;1956.77
160;Fone V10;Eletrônicos;Fone;Marca_E;2176.64;1796.28
161;Fone V11;Eletrônicos;Fone;Marca_E;706.16;539.0
162;Fone V12;Eletrônicos;Fone;Marca_A;1875.39;1567.1
163;Fone V13;Eletrônicos;Fone;Marca_A;2626.79;2346.9
164;Fone V14;Eletrônicos;Fone;Marca_C;1283.51;1071.13
165;Fone V15;Eletrônicos;Fone;Marca_D;1778.18;1100.34
166;Fone V16;Eletrônicos;Fone;Marca_C;1333.68;756.21
167;Fone V17;Eletrônicos;Fone;Marca_D;2003.79;1396.08
168;Fone V18;Eletrônicos;Fone;Marca_C;2187.19;1924.95
169;Fone V19;Eletrônicos;Fone;Marca_A;4558.04;3183.34
170;Fone V20;Eletrônicos;Fone;Marca_D;3814.5;3375.53
171;Fone V21;Eletrônicos;Fone;Marca_E;1401.24;796.21
172;Fone V22;Eletrônicos;Fone;Marca_C;3496.64;2580.8
173;Fone V23;Eletrônicos;Fone;Marca_E;1934.91;1442.15
174;Fone V24;Eletrônicos;Fone;Marca_E;3290.38;2414.93
175;Fone V25;Eletrônicos;Fone;Marca_D;2057.88;1271.47
176;Fone V26;Eletrônicos;Fone;Marca_E;2931.69;1683.96
177;Fone V27;Eletrônicos;Fone;Marca_A;1227.18;899.31
178;Fone V28;Eletrônicos;Fone;Marca_E;2778.28;2421.36
179;Fone V29;Eletrônicos;Fone;Marca_B;3029.43;1753.02
180;Fone V30;Eletrônicos;Fone;Marca_B;2678.52;1691.41
181;Fone V31;Eletrônicos;Fone;Marca_B;1077.9;797.01
182;Fone V32;Eletrônicos;Fone;Marca_A;1581.73;1161.51
183;Fone V33;Eletrônicos;Fone;Marca_D;2926.13;2540.99
184;Fone V34;Eletrônicos;Fone;Marca_B;3357.47;2356.86
185;Fone V35;Eletrônicos;Fone;Marca_D;2450.67;1937.9
186;Fone V36;Eletrônicos;Fone;Marca_C;3042.95;2186.28
187;Fone V37;Eletrônicos;Fone;Marca_B;3486.75;2044.16
188;Fone V38;Eletrônicos;Fone;Marca_A;3718.64;2923.22
189;Fone V39;Eletrônicos;Fone;Marca_D;2265.06;2012.21
190;Fone V40;Eletrônicos;Fone;Marca_A;1420.48;1131.13
191;Fone V41;Eletrônicos;Fone;Marca_B;1513.44;1218.31
192;Fone V42;Eletrônicos;Fone;Marca_D;2445.48;1500.68
193;Fone V43;Eletrônicos;Fone;Marca_B;3946.41;3198.03
194;Fone V44;Eletrônicos;Fone;Marca_E;2618.65;1499.22
195;Fone V45;Eletrônicos;Fone;Marca_C;522.65;460.03
196;Fone V46;Eletrônicos;Fone;Marca_B;427.12;254.43
197;Fone V47;Eletrônicos;Fone;Marca_B;866.7;770.33
198;Fone V48;Eletrônicos;Fone;Marca_C;1678.08;1066.24
199;Fone V49;Eletrônicos;Fone;Marca_E;1955.77;1155.49
200;Fone V50;Eletrônicos;Fone;Marca_A;1178.16;692.15
201;Tablet V1;Eletrônicos;Tablet;Marca_C;3486.31;2971.48
202;Tablet V2;Eletrônicos;Tablet;Marca_D;2414.14;1575.64
203;Tablet V3;Eletrônicos;Tablet;Marca_A;2947.36;2270.46
204;Tablet V4;Eletrônicos;Tablet;Marca_A;3524.67;2984.37
205;Tablet V5;Eletrônicos;Tablet;Marca_B;1462.91;839.8
206;Tablet V6;Eletrônicos;Tablet;Marca_C;4228.33;2434.91
207;Tablet V7;Eletrônicos;Tablet;Marca_C;1842.26;1584.36
208;Tablet V8;Eletrônicos;Tablet;Marca_A;3439.62;2901.46
209;Tablet V9;Eletrônicos;Tablet;Marca_A;1131.64;631.86
210;Tablet V10;Eletrônicos;Tablet;Marca_B;3578.11;2236.5
211;Tablet V11;Eletrônicos;Tablet;Marca_A;2136.32;1575.1
212;Tablet V12;Eletrônicos;Tablet;Marca_D;2902.61;1886.45
213;Tablet V13;Eletrônicos;Tablet;Marca_B;3289.34;1914.14
214;Tablet V14;Eletrônicos;Tablet;Marca_B;3859.98;2597.76
215;Tablet V15;Eletrônicos;Tablet;Marca_D;1485.02;988.84
216;Tablet V16;Eletrônicos;Tablet;Marca_C;2809.21;2040.38
217;Tablet V17;Eletrônicos;Tablet;Marca_A;4412.37;3165.8
218;Tablet V18;Eletrônicos;Tablet;Marca_B;1558.17;991.83
219;Tablet V19;Eletrônicos;Tablet;Marca_E;3856.27;2284.08
220;Tablet V20;Eletrônicos;Tablet;Marca_D;4946.05;3973.57
221;Tablet V21;Eletrônicos;Tablet;Marca_E;2021.11;1207.21
222;Tablet V22;Eletrônicos;Tablet;Marca_E;1110.79;635.94
223;Tablet V23;Eletrônicos;Tablet;Marca_E;4429.24;2477.87
224;Tablet V24;Eletrônicos;Tablet;Marca_C;3671.45;2669.17
225;Tablet V25;Eletrônicos;Tablet;Marca_C;2131.64;1673.28
226;Tablet V26;Eletrônicos;Tablet;Marca_C;4882.37;3235.34
227;Tablet V27;Eletrônicos;Tablet;Marca_A;1839.38;1095.31
228;Tablet V28;Eletrônicos;Tablet;Marca_C;1699.58;1279.57
229;Tablet V29;Eletrônicos;Tablet;Marca_C;1794.78;1410.07
230;Tablet V30;Eletrônicos;Tablet;Marca_B;2916.87;1695.88
231;Tablet V31;Eletrônicos;Tablet;Marca_C;3326.6;2722.56
232;Tablet V32;Eletrônicos;Tablet;Marca_B;1977.12;1132.88
233;Tablet V33;Eletrônicos;Tablet;Marca_E;2830.15;2312.76
234;Tablet V34;Eletrônicos;Tablet;Marca_B;3447.65;2119.55
235;Tablet V35;Eletrônicos;Tablet;Marca_A;716.2;563.7
236;Tablet V36;Eletrônicos;Tablet;Marca_E;2690.96;1499.64
237;Tablet V37;Eletrônicos;Tablet;Marca_E;594.92;352.72
238;Tablet V38;Eletrônicos;Tablet;Marca_D;4909.01;4317.77
239;Tablet V39;Eletrônicos;Tablet;Marca_D;4890.79;3950.6
240;Tablet V40;Eletrônicos;Tablet;Marca_D;3516.73;2189.07
241;Tablet V41;Eletrônicos;Tablet;Marca_D;1362.64;825.06
242;Tablet V42;Eletrônicos;Tablet;Marca_C;4979.84;3581.31
243;Tablet V43;Eletrônicos;Tablet;Marca_B;3726.21;2571.34
244;Tablet V44;Eletrônicos;Tablet;Marca_B;2428.16;1640.72
245;Tablet V45;Eletrônicos;Tablet;Marca_A;4134.23;3550.64
246;Tablet V46;Eletrônicos;Tablet;Marca_E;882.65;699.81
247;Tablet V47;Eletrônicos;Tablet;Marca_A;1071.8;693.35
248;Tablet V48;Eletrônicos;Tablet;Marca_C;4595.06;3286.26
249;Tablet V49;Eletrônicos;Tablet;Marca_D;1731.16;1290.11
250;Tablet V50;Eletrônicos;Tablet;Marca_E;1660.42;1396.38
251;Camiseta V1;Vestuário;Camiseta;Marca_B;130.88;112.96
252;Camiseta V2;Vestuário;Camiseta;Marca_B;166.45;132.91
253;Camiseta V3;Vestuário;Camiseta;Marca_D;723.83;550.93
254;Camiseta V4;Vestuário;Camiseta;Marca_C;622.77;355.36
255;Camiseta V5;Vestuário;Camiseta;Marca_A;437.18;300.61
256;Camiseta V6;Vestuário;Camiseta;Marca_D;38.67;30.15
257;Camiseta V7;Vestuário;Camiseta;Marca_E;671.55;523.09
258;Camiseta V8;Vestuário;Camiseta;Marca_D;344.8;201.74
259;Camiseta V9;Vestuário;Camiseta;Marca_B;494.73;281.86
260;Camiseta V10;Vestuário;Camiseta;Marca_C;31.4;17.94
261;Camiseta V11;Vestuário;Camiseta;Marca_D;171.26;139.49
262;Camiseta V12;Vestuário;Camiseta;Marca_D;510.22;356.61
263;Camiseta V13;Vestuário;Camiseta;Marca_E;777.39;677.92
264;Camiseta V14;Vestuário;Camiseta;Marca_C;720.57;420.44
265;Camiseta V15;Vestuário;Camiseta;Marca_B;94.4;64.13
266;Camiseta V16;Vestuário;Camiseta;Marca_E;696.63;397.4
267;Camiseta V17;Vestuário;Camiseta;Marca_B;252.18;146.76
268;Camiseta V18;Vestuário;Camiseta;Marca_E;285.23;242.76
269;Camiseta V19;Vestuário;Camiseta;Marca_A;256.59;179.38
270;Camiseta V20;Vestuário;Camiseta;Marca_D;684.4;480.1
271;Camiseta V21;Vestuário;Camiseta;Marca_D;269.44;186.45
272;Camiseta V22;Vestuário;Camiseta;Marca_D;783.81;689.71
273;Camiseta V23;Vestuário;Camiseta;Marca_E;443.32;253.53
274;Camiseta V24;Vestuário;Camiseta;Marca_E;785.0;480.71
275;Camiseta V25;Vestuário;Camiseta;Marca_A;192.33;152.65
276;Camiseta V26;Vestuário;Camiseta;Marca_A;251.85;164.52
277;Camiseta V27;Vestuário;Camiseta;Marca_E;793.48;582.09
278;Camiseta V28;Vestuário;Camiseta;Marca_B;487.52;401.95
279;Camiseta V29;Vestuário;Camiseta;Marca_B;221.21;178.54
280;Camiseta V30;Vestuário;Camiseta;Marca_C;278.25;247.26
281;Camiseta V31;Vestuário;Camiseta;Marca_C;534.9;472.7
282;Camiseta V32;Vestuário;Camiseta;Marca_D;219.46;165.8
283;Camiseta V33;Vestuário;Camiseta;Marca_A;603.17;465.0
284;Camiseta V34;Vestuário;Camiseta;Marca_D;510.41;433.66
285;Camiseta V35;Vestuário;Camiseta;Marca_A;121.5;68.0
286;Camiseta V36;Vestuário;Camiseta;Marca_D;694.98;608.84
287;Camiseta V37;Vestuário;Camiseta;Marca_D;29.73;23.66
288;Camiseta V38;Vestuário;Camiseta;Marca_A;637.61;428.46
289;Camiseta V39;Vestuário;Camiseta;Marca_C;198.88;170.87
290;Camiseta V40;Vestuário;Camiseta;Marca_E;343.1;205.23
291;Camiseta V41;Vestuário;Camiseta;Marca_A;303.22;194.26
292;Camiseta V42;Vestuário;Camiseta;Marca_E;231.0;127.97
293;Camiseta V43;Vestuário;Camiseta;Marca_C;552.22;431.69
294;Camiseta V44;Vestuário;Camiseta;Marca_D;217.49;126.67
295;Camiseta V45;Vestuário;Camiseta;Marca_A;250.74;204.29
296;Camiseta V46;Vestuário;Camiseta;Marca_E;103.83;67.17
297;Camiseta V47;Vestuário;Camiseta;Marca_B;288.41;258.33
298;Camiseta V48;Vestuário;Camiseta;Marca_B;30.46;23.92
299;Camiseta V49;Vestuário;Camiseta;Marca_A;180.3;102.82
300;Camiseta V50;Vestuário;Camiseta;Marca_A;264.62;216.3
301;Calça V1;Vestuário;Calça;Marca_D;402.2;285.7
302;Calça V2;Vestuário;Calça;Marca_C;583.39;496.92
303;Calça V3;Vestuário;Calça;Marca_A;214.13;132.59
304;Calça V4;Vestuário;Calça;Marca_E;758.77;519.85
305;Calça V5;Vestuário;Calça;Marca_D;680.84;463.12
306;Calça V6;Vestuário;Calça;Marca_E;763.51;621.47
307;Calça V7;Vestuário;Calça;Marca_A;224.12;140.71
308;Calça V8;Vestuário;Calça;Marca_C;498.17;440.55
309;Calça V9;Vestuário;Calça;Marca_E;547.06;312.09
310;Calça V10;Vestuário;Calça;Marca_A;317.26;260.43
311;Calça V11;Vestuário;Calça;Marca_D;774.11;532.57
312;Calça V12;Vestuário;Calça;Marca_D;126.38;112.92
313;Calça V13;Vestuário;Calça;Marca_B;85.25;74.91
314;Calça V14;Vestuário;Calça;Marca_E;745.2;532.26
315;Calça V15;Vestuário;Calça;Marca_E;32.47;26.31
316;Calça V16;Vestuário;Calça;Marca_E;746.19;627.42
317;Calça V17;Vestuário;Calça;Marca_A;746.28;552.64
318;Calça V18;Vestuário;Calça;Marca_B;604.88;493.3
319;Calça V19;Vestuário;Calça;Marca_A;752.5;538.12
320;Calça V20;Vestuário;Calça;Marca_E;144.36;100.39
321;Calça V21;Vestuário;Calça;Marca_D;363.5;289.25
322;Calça V22;Vestuário;Calça;Marca_C;75.19;62.85
323;Calça V23;Vestuário;Calça;Marca_C;636.69;569.74
324;Calça V24;Vestuário;Calça;Marca_D;498.51;291.43
325;Calça V25;Vestuário;Calça;Marca_B;687.38;541.55
326;Calça V26;Vestuário;Calça;Marca_C;109.3;89.1
327;Calça V27;Vestuário;Calça;Marca_C;489.56;352.2
328;Calça V28;Vestuário;Calça;Marca_A;243.65;142.32
329;Calça V29;Vestuário;Calça;Marca_C;785.56;704.74
330;Calça V30;Vestuário;Calça;Marca_D;472.19;300.12
331;Calça V31;Vestuário;Calça;Marca_D;303.58;272.58
332;Calça V32;Vestuário;Calça;Marca_C;66.73;44.43
333;Calça V33;Vestuário;Calça;Marca_A;421.96;359.43
334;Calça V34;Vestuário;Calça;Marca_B;463.22;296.53
335;Calça V35;Vestuário;Calça;Marca_A;780.67;676.82
336;Calça V36;Vestuário;Calça;Marca_E;409.69;285.46
337;Calça V37;Vestuário;Calça;Marca_E;461.27;384.99
338;Calça V38;Vestuário;Calça;Marca_D;721.63;545.94
339;Calça V39;Vestuário;Calça;Marca_C;26.51;20.6
340;Calça V40;Vestuário;Calça;Marca_D;233.35;174.33
341;Calça V41;Vestuário;Calça;Marca_D;524.03;288.3
342;Calça V42;Vestuário;Calça;Marca_B;723.9;399.43
343;Calça V43;Vestuário;Calça;Marca_E;731.89;609.89
344;Calça V44;Vestuário;Calça;Marca_E;406.93;349.94
345;Calça V45;Vestuário;Calça;Marca_D;705.3;575.59
346;Calça V46;Vestuário;Calça;Marca_A;581.28;371.69
347;Calça V47;Vestuário;Calça;Marca_D;140.88;92.68
348;Calça V48;Vestuário;Calça;Marca_C;552.93;496.25
349;Calça V49;Vestuário;Calça;Marca_A;32.78;29.03
350;Calça V50;Vestuário;Calça;Marca_D;128.54;77.93
351;Jaqueta V1;Vestuário;Jaqueta;Marca_C;438.58;338.69
352;Jaqueta V2;Vestuário;Jaqueta;Marca_C;476.03;364.31
353;Jaqueta V3;Vestuário;Jaqueta;Marca_E;655.38;501.14
354;Jaqueta V4;Vestuário;Jaqueta;Marca_D;427.31;359.17
355;Jaqueta V5;Vestuário;Jaqueta;Marca_C;194.81;122.66
356;Jaqueta V6;Vestuário;Jaqueta;Marca_D;392.42;305.53
357;Jaqueta V7;Vestuário;Jaqueta;Marca_C;181.83;121.21
358;Jaqueta V8;Vestuário;Jaqueta;Marca_A;450.38;277.51
359;Jaqueta V9;Vestuário;Jaqueta;Marca_E;343.66;280.48
360;Jaqueta V10;Vestuário;Jaqueta;Marca_C;552.41;379.61
361;Jaqueta V11;Vestuário;Jaqueta;Marca_B;46.13;41.44
362;Jaqueta V12;Vestuário;Jaqueta;Marca_B;173.31;138.41
363;Jaqueta V13;Vestuário;Jaqueta;Marca_A;22.94;20.36
364;Jaqueta V14;Vestuário;Jaqueta;Marca_C;412.92;368.35
365;Jaqueta V15;Vestuário;Jaqueta;Marca_D;299.32;261.46
366;Jaqueta V16;Vestuário;Jaqueta;Marca_C;660.85;561.15
367;Jaqueta V17;Vestuário;Jaqueta;Marca_E;167.31;130.82
368;Jaqueta V18;Vestuário;Jaqueta;Marca_A;339.19;291.35
369;Jaqueta V19;Vestuário;Jaqueta;Marca_C;85.09;74.56
370;Jaqueta V20;Vestuário;Jaqueta;Marca_C;162.83;90.29
371;Jaqueta V21;Vestuário;Jaqueta;Marca_E;543.5;451.19
372;Jaqueta V22;Vestuário;Jaqueta;Marca_B;59.28;41.59
373;Jaqueta V23;Vestuário;Jaqueta;Marca_C;411.76;295.22
374;Jaqueta V24;Vestuário;Jaqueta;Marca_C;408.83;296.48
375;Jaqueta V25;Vestuário;Jaqueta;Marca_A;605.45;483.82
376;Jaqueta V26;Vestuário;Jaqueta;Marca_D;201.18;170.1
377;Jaqueta V27;Vestuário;Jaqueta;Marca_B;448.79;280.43
378;Jaqueta V28;Vestuário;Jaqueta;Marca_A;608.94;484.35
379;Jaqueta V29;Vestuário;Jaqueta;Marca_E;91.12;75.24
380;Jaqueta V30;Vestuário;Jaqueta;Marca_E;751.46;455.75
381;Jaqueta V31;Vestuário;Jaqueta;Marca_D;449.73;341.51
382;Jaqueta V32;Vestuário;Jaqueta;Marca_B;103.36;85.88
383;Jaqueta V33;Vestuário;Jaqueta;Marca_C;651.86;399.98
384;Jaqueta V34;Vestuário;Jaqueta;Marca_E;46.98;28.07
385;Jaqueta V35;Vestuário;Jaqueta;Marca_D;792.85;553.47
386;Jaqueta V36;Vestuário;Jaqueta;Marca_B;736.62;627.41
387;Jaqueta V37;Vestuário;Jaqueta;Marca_C;785.97;657.07
388;Jaqueta V38;Vestuário;Jaqueta;Marca_B;301.52;256.75
389;Jaqueta V39;Vestuário;Jaqueta;Marca_D;241.73;136.68
390;Jaqueta V40;Vestuário;Jaqueta;Marca_A;33.47;20.32
391;Jaqueta V41;Vestuário;Jaqueta;Marca_A;638.17;529.13
392;Jaqueta V42;Vestuário;Jaqueta;Marca_A;287.63;197.01
393;Jaqueta V43;Vestuário;Jaqueta;Marca_E;535.5;347.46
394;Jaqueta V44;Vestuário;Jaqueta;Marca_C;200.4;140.26
395;Jaqueta V45;Vestuário;Jaqueta;Marca_C;251.94;164.29
396;Jaqueta V46;Vestuário;Jaqueta;Marca_D;96.12;55.23
397;Jaqueta V47;Vestuário;Jaqueta;Marca_A;306.27;256.31
398;Jaqueta V48;Vestuário;Jaqueta;Marca_E;71.64;63.12
399;Jaqueta V49;Vestuário;Jaqueta;Marca_C;237.14;178.18
400;Jaqueta V50;Vestuário;Jaqueta;Marca_C;679.59;400.92
401;Vestido V1;Vestuário;Vestido;Marca_E;774.31;478.71
402;Vestido V2;Vestuário;Vestido;Marca_B;682.3;560.16
403;Vestido V3;Vestuário;Vestido;Marca_C;734.83;406.2
404;Vestido V4;Vestuário;Vestido;Marca_D;524.75;436.92
405;Vestido V5;Vestuário;Vestido;Marca_C;213.87;168.99
406;Vestido V6;Vestuário;Vestido;Marca_D;248.52;163.53
407;Vestido V7;Vestuário;Vestido;Marca_A;462.6;311.81
408;Vestido V8;Vestuário;Vestido;Marca_E;657.27;540.4
409;Vestido V9;Vestuário;Vestido;Marca_E;212.98;159.29
410;Vestido V10;Vestuário;Vestido;Marca_A;576.22;367.91
411;Vestido V11;Vestuário;Vestido;Marca_C;795.24;463.01
412;Vestido V12;Vestuário;Vestido;Marca_D;361.85;320.44
413;Vestido V13;Vestuário;Vestido;Marca_E;617.39;481.48
414;Vestido V14;Vestuário;Vestido;Marca_E;725.81;572.19
415;Vestido V15;Vestuário;Vestido;Marca_B;631.19;365.56
416;Vestido V16;Vestuário;Vestido;Marca_E;798.59;582.28
417;Vestido V17;Vestuário;Vestido;Marca_A;573.02;465.61
418;Vestido V18;Vestuário;Vestido;Marca_D;653.86;547.72
419;Vestido V19;Vestuário;Vestido;Marca_D;488.6;282.73
420;Vestido V20;Vestuário;Vestido;Marca_D;419.32;355.1
421;Vestido V21;Vestuário;Vestido;Marca_E;338.89;279.54
422;Vestido V22;Vestuário;Vestido;Marca_D;452.49;364.89
423;Vestido V23;Vestuário;Vestido;Marca_E;205.48;133.3
424;Vestido V24;Vestuário;Vestido;Marca_D;53.49;41.39
425;Vestido V25;Vestuário;Vestido;Marca_A;494.54;379.63
426;Vestido V26;Vestuário;Vestido;Marca_C;387.66;261.33
427;Vestido V27;Vestuário;Vestido;Marca_E;187.54;145.12
428;Vestido V28;Vestuário;Vestido;Marca_B;587.42;493.8
429;Vestido V29;Vestuário;Vestido;Marca_D;274.81;214.56
430;Vestido V30;Vestuário;Vestido;Marca_B;185.04;156.25
431;Vestido V31;Vestuário;Vestido;Marca_B;272.04;236.42
432;Vestido V32;Vestuário;Vestido;Marca_B;286.78;181.24
433;Vestido V33;Vestuário;Vestido;Marca_E;248.72;193.68
434;Vestido V34;Vestuário;Vestido;Marca_B;197.6;133.52
435;Vestido V35;Vestuário;Vestido;Marca_D;313.98;229.69
436;Vestido V36;Vestuário;Vestido;Marca_C;442.49;372.96
437;Vestido V37;Vestuário;Vestido;Marca_D;742.09;653.63
438;Vestido V38;Vestuário;Vestido;Marca_E;715.83;399.36
439;Vestido V39;Vestuário;Vestido;Marca_D;222.87;136.4
440;Vestido V40;Vestuário;Vestido;Marca_C;555.13;382.93
441;Vestido V41;Vestuário;Vestido;Marca_A;774.91;647.28
442;Vestido V42;Vestuário;Vestido;Marca_D;576.09;515.94
443;Vestido V43;Vestuário;Vestido;Marca_D;231.25;195.37
444;Vestido V44;Vestuário;Vestido;Marca_D;554.81;344.17
445;Vestido V45;Vestuário;Vestido;Marca_E;108.21;80.1
446;Vestido V46;Vestuário;Vestido;Marca_B;340.85;217.55
447;Vestido V47;Vestuário;Vestido;Marca_D;641.52;557.23
448;Vestido V48;Vestuário;Vestido;Marca_D;752.19;640.29
449;Vestido V49;Vestuário;Vestido;Marca_B;705.66;457.65
450;Vestido V50;Vestuário;Vestido;Marca_B;52.62;29.66
451;Sapato V1;Vestuário;Sapato;Marca_A;442.68;395.48
452;Sapato V2;Vestuário;Sapato;Marca_E;90.66;58.19
453;Sapato V3;Vestuário;Sapato;Marca_E;555.99;370.45
454;Sapato V4;Vestuário;Sapato;Marca_C;525.75;441.58
455;Sapato V5;Vestuário;Sapato;Marca_A;392.06;288.36
456;Sapato V6;Vestuário;Sapato;Marca_A;671.15;529.68
457;Sapato V7;Vestuário;Sapato;Marca_B;525.7;310.78
458;Sapato V8;Vestuário;Sapato;Marca_B;197.99;156.42
459;Sapato V9;Vestuário;Sapato;Marca_C;771.89;503.92
460;Sapato V10;Vestuário;Sapato;Marca_B;336.54;253.73
461;Sapato V11;Vestuário;Sapato;Marca_D;299.75;219.06
462;Sapato V12;Vestuário;Sapato;Marca_C;63.12;39.9
463;Sapato V13;Vestuário;Sapato;Marca_E;154.75;137.19
464;Sapato V14;Vestuário;Sapato;Marca_E;610.03;407.82
465;Sapato V15;Vestuário;Sapato;Marca_C;531.83;391.8
466;Sapato V16;Vestuário;Sapato;Marca_C;136.71;76.08
467;Sapato V17;Vestuário;Sapato;Marca_A;492.25;394.45
468;Sapato V18;Vestuário;Sapato;Marca_B;455.04;270.8
469;Sapato V19;Vestuário;Sapato;Marca_D;787.65;548.59
470;Sapato V20;Vestuário;Sapato;Marca_E;496.55;360.22
471;Sapato V21;Vestuário;Sapato;Marca_B;119.52;102.01
472;Sapato V22;Vestuário;Sapato;Marca_E;462.72;323.64
473;Sapato V23;Vestuário;Sapato;Marca_D;652.06;391.93
474;Sapato V24;Vestuário;Sapato;Marca_B;585.82;378.21
475;Sapato V25;Vestuário;Sapato;Marca_A;298.01;239.85
476;Sapato V26;Vestuário;Sapato;Marca_B;326.49;217.02
477;Sapato V27;Vestuário;Sapato;Marca_A;730.91;569.64
478;Sapato V28;Vestuário;Sapato;Marca_E;765.86;457.89
479;Sapato V29;Vestuário;Sapato;Marca_A;572.04;434.23
480;Sapato V30;Vestuário;Sapato;Marca_C;715.59;412.16
481;Sapato V31;Vestuário;Sapato;Marca_A;55.33;41.51
482;Sapato V32;Vestuário;Sapato;Marca_C;80.14;62.81
483;Sapato V33;Vestuário;Sapato;Marca_E;286.89;197.7
484;Sapato V34;Vestuário;Sapato;Marca_D;40.09;28.01
485;Sapato V35;Vestuário;Sapato;Marca_C;260.24;233.1
486;Sapato V36;Vestuário;Sapato;Marca_E;671.78;391.59
487;Sapato V37;Vestuário;Sapato;Marca_A;416.27;299.19
488;Sapato V38;Vestuário;Sapato;Marca_A;499.77;305.42
489;Sapato V39;Vestuário;Sapato;Marca_A;296.4;203.94
490;Sapato V40;Vestuário;Sapato;Marca_D;525.67;427.95
491;Sapato V41;Vestuário;Sapato;Marca_C;674.92;477.52
492;Sapato V42;Vestuário;Sapato;Marca_A;203.56;181.15
493;Sapato V43;Vestuário;Sapato;Marca_A;147.91;130.8
494;Sapato V44;Vestuário;Sapato;Marca_A;763.89;534.29
495;Sapato V45;Vestuário;Sapato;Marca_D;391.88;310.72
496;Sapato V46;Vestuário;Sapato;Marca_A;193.84;160.72
497;Sapato V47;Vestuário;Sapato;Marca_C;367.26;289.39
498;Sapato V48;Vestuário;Sapato;Marca_C;130.71;96.23
499;Sapato V49;Vestuário;Sapato;Marca_E;314.39;249.69
500;Sapato V50;Vestuário;Sapato;Marca_E;662.72;554.64
501;Panela V1;Casa;Panela;Marca_A;165.69;139.28
502;Panela V2;Casa;Panela;Marca_A;711.14;577.73
503;Panela V3;Casa;Panela;Marca_D;479.84;323.59
504;Panela V4;Casa;Panela;Marca_D;551.1;451.76
505;Panela V5;Casa;Panela;Marca_B;504.41;332.79
506;Panela V6;Casa;Panela;Marca_C;50.84;36.78
507;Panela V7;Casa;Panela;Marca_B;207.99;152.92
508;Panela V8;Casa;Panela;Marca_B;366.34;211.39
509;Panela V9;Casa;Panela;Marca_D;147.23;122.12
510;Panela V10;Casa;Panela;Marca_A;795.48;584.7
511;Panela V11;Casa;Panela;Marca_A;151.39;107.85
512;Panela V12;Casa;Panela;Marca_B;35.32;28.31
513;Panela V13;Casa;Panela;Marca_B;792.01;671.11
514;Panela V14;Casa;Panela;Marca_B;486.8;347.71
515;Panela V15;Casa;Panela;Marca_E;134.56;82.44
516;Panela V16;Casa;Panela;Marca_B;506.95;375.32
517;Panela V17;Casa;Panela;Marca_D;435.3;295.79
518;Panela V18;Casa;Panela;Marca_A;351.87;302.15
519;Panela V19;Casa;Panela;Marca_D;683.47;593.14
520;Panela V20;Casa;Panela;Marca_C;467.0;368.99
521;Panela V21;Casa;Panela;Marca_B;184.53;128.49
522;Panela V22;Casa;Panela;Marca_A;782.06;476.12
523;Panela V23;Casa;Panela;Marca_D;342.29;233.08
524;Panela V24;Casa;Panela;Marca_C;466.33;290.79
525;Panela V25;Casa;Panela;Marca_A;551.26;470.35
526;Panela V26;Casa;Panela;Marca_E;295.37;221.97
527;Panela V27;Casa;Panela;Marca_E;35.22;20.39
528;Panela V28;Casa;Panela;Marca_A;47.91;32.74
529;Panela V29;Casa;Panela;Marca_B;660.35;588.2
530;Panela V30;Casa;Panela;Marca_D;70.56;60.24
531;Panela V31;Casa;Panela;Marca_D;73.82;48.77
532;Panela V32;Casa;Panela;Marca_E;45.48;26.67
533;Panela V33;Casa;Panela;Marca_C;377.43;286.72
534;Panela V34;Casa;Panela;Marca_D;89.63;79.57
535;Panela V35;Casa;Panela;Marca_B;103.3;85.36
536;Panela V36;Casa;Panela;Marca_C;367.72;216.42
537;Panela V37;Casa;Panela;Marca_D;503.66;360.58
538;Panela V38;Casa;Panela;Marca_A;309.76;230.94
539;Panela V39;Casa;Panela;Marca_A;664.12;401.81
540;Panela V40;Casa;Panela;Marca_A;243.61;139.94
541;Panela V41;Casa;Panela;Marca_A;236.43;152.1
542;Panela V42;Casa;Panela;Marca_A;193.04;162.12
543;Panela V43;Casa;Panela;Marca_E;734.86;621.27
544;Panela V44;Casa;Panela;Marca_C;632.53;474.4
545;Panela V45;Casa;Panela;Marca_D;389.14;251.65
546;Panela V46;Casa;Panela;Marca_B;452.54;362.35
547;Panela V47;Casa;Panela;Marca_E;595.15;327.45
548;Panela V48;Casa;Panela;Marca_E;196.35;136.86
549;Panela V49;Casa;Panela;Marca_C;34.14;27.09
550;Panela V50;Casa;Panela;Marca_E;412.52;355.43
551;Toalha V1;Casa;Toalha;Marca_E;406.86;263.51
552;Toalha V2;Casa;Toalha;Marca_C;217.42;149.95
553;Toalha V3;Casa;Toalha;Marca_C;575.64;332.14
554;Toalha V4;Casa;Toalha;Marca_C;201.33;142.23
555;Toalha V5;Casa;Toalha;Marca_A;792.48;624.55
556;Toalha V6;Casa;Toalha;Marca_D;73.62;42.92
557;Toalha V7;Casa;Toalha;Marca_A;45.37;37.18
558;Toalha V8;Casa;Toalha;Marca_D;96.3;56.78
559;Toalha V9;Casa;Toalha;Marca_C;104.64;80.76
560;Toalha V10;Casa;Toalha;Marca_A;477.85;412.86
561;Toalha V11;Casa;Toalha;Marca_E;246.32;202.54
562;Toalha V12;Casa;Toalha;Marca_C;438.02;375.83
563;Toalha V13;Casa;Toalha;Marca_A;494.06;332.52
564;Toalha V14;Casa;Toalha;Marca_B;103.92;60.61
565;Toalha V15;Casa;Toalha;Marca_C;37.11;26.83
566;Toalha V16;Casa;Toalha;Marca_D;741.98;591.56
567;Toalha V17;Casa;Toalha;Marca_C;617.91;486.68
568;Toalha V18;Casa;Toalha;Marca_D;705.28;576.16
569;Toalha V19;Casa;Toalha;Marca_B;597.65;428.52
570;Toalha V20;Casa;Toalha;Marca_A;74.98;57.96
571;Toalha V21;Casa;Toalha;Marca_C;319.7;269.28
572;Toalha V22;Casa;Toalha;Marca_D;233.9;174.08
573;Toalha V23;Casa;Toalha;Marca_C;167.53;120.62
574;Toalha V24;Casa;Toalha;Marca_D;157.82;121.77
575;Toalha V25;Casa;Toalha;Marca_C;456.59;298.17
576;Toalha V26;Casa;Toalha;Marca_E;489.76;336.91
577;Toalha V27;Casa;Toalha;Marca_B;558.29;345.21
578;Toalha V28;Casa;Toalha;Marca_A;232.85;206.38
579;Toalha V29;Casa;Toalha;Marca_A;755.71;494.62
580;Toalha V30;Casa;Toalha;Marca_A;758.61;602.65
581;Toalha V31;Casa;Toalha;Marca_B;366.17;203.76
582;Toalha V32;Casa;Toalha;Marca_C;610.65;431.2
583;Toalha V33;Casa;Toalha;Marca_D;649.69;503.63
584;Toalha V34;Casa;Toalha;Marca_D;353.39;269.15
585;Toalha V35;Casa;Toalha;Marca_C;636.09;508.4
586;Toalha V36;Casa;Toalha;Marca_A;204.19;167.63
587;Toalha V37;Casa;Toalha;Marca_D;204.72;155.21
588;Toalha V38;Casa;Toalha;Marca_D;51.69;34.9
589;Toalha V39;Casa;Toalha;Marca_D;447.58;368.1
590;Toalha V40;Casa;Toalha;Marca_D;95.85;80.42
591;Toalha V41;Casa;Toalha;Marca_B;70.23;41.49
592;Toalha V42;Casa;Toalha;Marca_C;461.16;259.46
593;Toalha V43;Casa;Toalha;Marca_C;98.57;88.11
594;Toalha V44;Casa;Toalha;Marca_C;663.18;566.67
595;Toalha V45;Casa;Toalha;Marca_A;227.09;204.07
596;Toalha V46;Casa;Toalha;Marca_B;191.23;162.04
597;Toalha V47;Casa;Toalha;Marca_D;687.0;472.48
598;Toalha V48;Casa;Toalha;Marca_A;144.73;118.91
599;Toalha V49;Casa;Toalha;Marca_A;633.91;416.34
600;Toalha V50;Casa;Toalha;Marca_D;769.51;596.42
601;Colchão V1;Casa;Colchão;Marca_E;106.59;59.36
602;Colchão V2;Casa;Colchão;Marca_E;247.94;207.16
603;Colchão V3;Casa;Colchão;Marca_D;426.04;331.05
604;Colchão V4;Casa;Colchão;Marca_C;489.22;338.05
605;Colchão V5;Casa;Colchão;Marca_E;398.26;244.17
606;Colchão V6;Casa;Colchão;Marca_A;364.67;317.48
607;Colchão V7;Casa;Colchão;Marca_A;260.65;223.05
608;Colchão V8;Casa;Colchão;Marca_E;347.15;311.28
609;Colchão V9;Casa;Colchão;Marca_B;273.58;193.48
610;Colchão V10;Casa;Colchão;Marca_C;742.05;561.14
611;Colchão V11;Casa;Colchão;Marca_E;550.93;393.29
612;Colchão V12;Casa;Colchão;Marca_E;694.09;510.18
613;Colchão V13;Casa;Colchão;Marca_C;114.22;82.78
614;Colchão V14;Casa;Colchão;Marca_D;538.0;479.76
615;Colchão V15;Casa;Colchão;Marca_D;525.5;437.99
616;Colchão V16;Casa;Colchão;Marca_D;78.12;51.35
617;Colchão V17;Casa;Colchão;Marca_A;29.62;16.37
618;Colchão V18;Casa;Colchão;Marca_C;266.04;211.21
619;Colchão V19;Casa;Colchão;Marca_D;608.41;354.87
620;Colchão V20;Casa;Colchão;Marca_C;792.28;529.56
621;Colchão V21;Casa;Colchão;Marca_E;187.44;118.65
622;Colchão V22;Casa;Colchão;Marca_C;135.9;92.5
623;Colchão V23;Casa;Colchão;Marca_A;771.31;569.03
624;Colchão V24;Casa;Colchão;Marca_B;156.48;111.01
625;Colchão V25;Casa;Colchão;Marca_D;28.68;17.38
626;Colchão V26;Casa;Colchão;Marca_A;41.34;24.55
627;Colchão V27;Casa;Colchão;Marca_E;593.93;332.53
628;Colchão V28;Casa;Colchão;Marca_C;154.67;118.72
629;Colchão V29;Casa;Colchão;Marca_C;336.64;279.26
630;Colchão V30;Casa;Colchão;Marca_B;330.53;291.03
631;Colchão V31;Casa;Colchão;Marca_C;527.76;297.84
632;Colchão V32;Casa;Colchão;Marca_B;408.26;356.59
633;Colchão V33;Casa;Colchão;Marca_E;772.77;646.71
634;Colchão V34;Casa;Colchão;Marca_D;798.12;622.69
635;Colchão V35;Casa;Colchão;Marca_D;335.58;220.23
636;Colchão V36;Casa;Colchão;Marca_E;273.49;178.47
637;Colchão V37;Casa;Colchão;Marca_D;751.81;589.62
638;Colchão V38;Casa;Colchão;Marca_C;318.76;226.5
639;Colchão V39;Casa;Colchão;Marca_D;179.96;132.69
640;Colchão V40;Casa;Colchão;Marca_B;598.2;377.75
641;Colchão V41;Casa;Colchão;Marca_E;260.67;178.46
642;Colchão V42;Casa;Colchão;Marca_B;644.2;480.35
643;Colchão V43;Casa;Colchão;Marca_C;488.33;366.95
644;Colchão V44;Casa;Colchão;Marca_A;24.88;14.77
645;Colchão V45;Casa;Colchão;Marca_A;447.99;321.55
646;Colchão V46;Casa;Colchão;Marca_A;416.89;338.31
647;Colchão V47;Casa;Colchão;Marca_D;686.33;568.79
648;Colchão V48;Casa;Colchão;Marca_B;649.84;447.74
649;Colchão V49;Casa;Colchão;Marca_A;737.05;617.15
650;Colchão V50;Casa;Colchão;Marca_E;483.82;281.99
651;Cama V1;Casa;Cama;Marca_A;508.67;281.74
652;Cama V2;Casa;Cama;Marca_B;682.4;484.48
653;Cama V3;Casa;Cama;Marca_A;685.78;543.87
654;Cama V4;Casa;Cama;Marca_E;516.71;430.92
655;Cama V5;Casa;Cama;Marca_C;411.74;348.45
656;Cama V6;Casa;Cama;Marca_A;88.03;56.75
657;Cama V7;Casa;Cama;Marca_C;22.78;16.59
658;Cama V8;Casa;Cama;Marca_B;20.56;17.08
659;Cama V9;Casa;Cama;Marca_A;87.6;69.72
660;Cama V10;Casa;Cama;Marca_D;658.13;461.39
661;Cama V11;Casa;Cama;Marca_B;300.85;235.44
662;Cama V12;Casa;Cama;Marca_B;169.32;137.69
663;Cama V13;Casa;Cama;Marca_A;791.12;525.33
664;Cama V14;Casa;Cama;Marca_B;60.0;33.61
665;Cama V15;Casa;Cama;Marca_B;77.15;44.58
666;Cama V16;Casa;Cama;Marca_A;531.81;396.21
667;Cama V17;Casa;Cama;Marca_D;26.49;14.77
668;Cama V18;Casa;Cama;Marca_C;609.38;425.36
669;Cama V19;Casa;Cama;Marca_D;463.65;271.31
670;Cama V20;Casa;Cama;Marca_A;415.04;346.46
671;Cama V21;Casa;Cama;Marca_E;217.07;191.66
672;Cama V22;Casa;Cama;Marca_E;48.72;31.58
673;Cama V23;Casa;Cama;Marca_E;282.45;245.47
674;Cama V24;Casa;Cama;Marca_E;407.63;327.61
675;Cama V25;Casa;Cama;Marca_B;150.66;87.88
676;Cama V26;Casa;Cama;Marca_E;76.34;51.6
677;Cama V27;Casa;Cama;Marca_C;601.28;438.3
678;Cama V28;Casa;Cama;Marca_D;283.85;236.66
679;Cama V29;Casa;Cama;Marca_A;386.57;246.04
680;Cama V30;Casa;Cama;Marca_C;523.24;455.87
681;Cama V31;Casa;Cama;Marca_C;648.89;533.31
682;Cama V32;Casa;Cama;Marca_A;435.83;264.16
683;Cama V33;Casa;Cama;Marca_E;93.0;55.65
684;Cama V34;Casa;Cama;Marca_D;64.88;45.11
685;Cama V35;Casa;Cama;Marca_C;109.68;61.22
686;Cama V36;Casa;Cama;Marca_A;442.57;257.51
687;Cama V37;Casa;Cama;Marca_C;92.94;51.14
688;Cama V38;Casa;Cama;Marca_B;173.62;125.05
689;Cama V39;Casa;Cama;Marca_C;22.68;13.55
690;Cama V40;Casa;Cama;Marca_B;596.09;459.02
691;Cama V41;Casa;Cama;Marca_E;573.7;504.65
692;Cama V42;Casa;Cama;Marca_C;237.27;171.68
693;Cama V43;Casa;Cama;Marca_E;127.49;93.65
694;Cama V44;Casa;Cama;Marca_B;769.97;524.6
695;Cama V45;Casa;Cama;Marca_C;188.72;130.34
696;Cama V46;Casa;Cama;Marca_C;358.52;291.92
697;Cama V47;Casa;Cama;Marca_C;432.29;273.64
698;Cama V48;Casa;Cama;Marca_B;82.12;67.65
699;Cama V49;Casa;Cama;Marca_C;296.68;164.09
700;Cama V50;Casa;Cama;Marca_B;200.87;128.48
701;Aspirador V1;Casa;Aspirador;Marca_C;376.75;323.66
702;Aspirador V2;Casa;Aspirador;Marca_D;556.53;487.27
703;Aspirador V3;Casa;Aspirador;Marca_A;777.79;451.92
704;Aspirador V4;Casa;Aspirador;Marca_C;446.14;290.04
705;Aspirador V5;Casa;Aspirador;Marca_A;33.71;20.54
706;Aspirador V6;Casa;Aspirador;Marca_B;126.92;86.12
707;Aspirador V7;Casa;Aspirador;Marca_B;428.77;365.65
708;Aspirador V8;Casa;Aspirador;Marca_D;58.81;33.5
709;Aspirador V9;Casa;Aspirador;Marca_E;234.68;167.33
710;Aspirador V10;Casa;Aspirador;Marca_A;159.63;131.77
711;Aspirador V11;Casa;Aspirador;Marca_D;116.43;77.4
712;Aspirador V12;Casa;Aspirador;Marca_B;763.24;518.42
713;Aspirador V13;Casa;Aspirador;Marca_D;540.03;351.79
714;Aspirador V14;Casa;Aspirador;Marca_E;476.48;271.17
715;Aspirador V15;Casa;Aspirador;Marca_B;569.25;506.45
716;Aspirador V16;Casa;Aspirador;Marca_C;426.36;375.66
717;Aspirador V17;Casa;Aspirador;Marca_A;754.74;604.88
718;Aspirador V18;Casa;Aspirador;Marca_A;239.53;142.63
719;Aspirador V19;Casa;Aspirador;Marca_A;528.88;446.68
720;Aspirador V20;Casa;Aspirador;Marca_B;103.08;81.62
721;Aspirador V21;Casa;Aspirador;Marca_D;269.37;195.58
722;Aspirador V22;Casa;Aspirador;Marca_C;355.58;252.52
723;Aspirador V23;Casa;Aspirador;Marca_A;310.46;278.72
724;Aspirador V24;Casa;Aspirador;Marca_A;426.09;271.64
725;Aspirador V25;Casa;Aspirador;Marca_D;406.75;333.68
726;Aspirador V26;Casa;Aspirador;Marca_D;762.4;611.49
727;Aspirador V27;Casa;Aspirador;Marca_C;200.76;137.35
728;Aspirador V28;Casa;Aspirador;Marca_A;493.51;407.45
729;Aspirador V29;Casa;Aspirador;Marca_D;412.56;339.92
730;Aspirador V30;Casa;Aspirador;Marca_A;543.39;366.64
731;Aspirador V31;Casa;Aspirador;Marca_E;629.88;395.01
732;Aspirador V32;Casa;Aspirador;Marca_B;63.03;41.07
733;Aspirador V33;Casa;Aspirador;Marca_A;577.7;327.52
734;Aspirador V34;Casa;Aspirador;Marca_B;549.35;435.6
735;Aspirador V35;Casa;Aspirador;Marca_E;201.7;158.88
736;Aspirador V36;Casa;Aspirador;Marca_A;36.67;22.84
737;Aspirador V37;Casa;Aspirador;Marca_B;265.21;176.14
738;Aspirador V38;Casa;Aspirador;Marca_B;570.48;430.88
739;Aspirador V39;Casa;Aspirador;Marca_D;468.84;337.89
740;Aspirador V40;Casa;Aspirador;Marca_B;48.38;38.42
741;Aspirador V41;Casa;Aspirador;Marca_D;328.34;257.14
742;Aspirador V42;Casa;Aspirador;Marca_C;796.57;548.11
743;Aspirador V43;Casa;Aspirador;Marca_A;89.07;78.0
744;Aspirador V44;Casa;Aspirador;Marca_E;654.39;462.86
745;Aspirador V45;Casa;Aspirador;Marca_E;453.9;282.22
746;Aspirador V46;Casa;Aspirador;Marca_D;192.38;126.64
747;Aspirador V47;Casa;Aspirador;Marca_E;334.7;244.43
748;Aspirador V48;Casa;Aspirador;Marca_A;601.98;382.68
749;Aspirador V49;Casa;Aspirador;Marca_C;489.27;402.83
750;Aspirador V50;Casa;Aspirador;Marca_E;160.83;94.51
751;Cesta V1;Alimentos;Cesta;Marca_B;173.74;104.24
752;Cesta V2;Alimentos;Cesta;Marca_E;196.84;127.67
753;Cesta V3;Alimentos;Cesta;Marca_D;73.04;63.99
754;Cesta V4;Alimentos;Cesta;Marca_C;9.25;6.21
755;Cesta V5;Alimentos;Cesta;Marca_D;14.5;9.42
756;Cesta V6;Alimentos;Cesta;Marca_A;53.99;43.68
757;Cesta V7;Alimentos;Cesta;Marca_C;174.88;154.74
758;Cesta V8;Alimentos;Cesta;Marca_D;176.06;152.78
759;Cesta V9;Alimentos;Cesta;Marca_E;164.05;100.66
760;Cesta V10;Alimentos;Cesta;Marca_E;56.36;34.57
761;Cesta V11;Alimentos;Cesta;Marca_A;165.2;112.85
762;Cesta V12;Alimentos;Cesta;Marca_B;149.16;133.78
763;Cesta V13;Alimentos;Cesta;Marca_A;59.55;37.12
764;Cesta V14;Alimentos;Cesta;Marca_E;86.56;51.06
765;Cesta V15;Alimentos;Cesta;Marca_E;140.27;115.81
766;Cesta V16;Alimentos;Cesta;Marca_A;89.94;65.02
767;Cesta V17;Alimentos;Cesta;Marca_B;43.94;25.1
768;Cesta V18;Alimentos;Cesta;Marca_D;113.12;87.25
769;Cesta V19;Alimentos;Cesta;Marca_E;22.4;13.33
770;Cesta V20;Alimentos;Cesta;Marca_A;82.01;64.69
771;Cesta V21;Alimentos;Cesta;Marca_E;65.81;53.83
772;Cesta V22;Alimentos;Cesta;Marca_B;12.07;7.13
773;Cesta V23;Alimentos;Cesta;Marca_C;86.75;50.42
774;Cesta V24;Alimentos;Cesta;Marca_A;162.54;98.6
775;Cesta V25;Alimentos;Cesta;Marca_C;25.3;14.69
776;Cesta V26;Alimentos;Cesta;Marca_A;50.7;31.41
777;Cesta V27;Alimentos;Cesta;Marca_E;184.24;120.02
778;Cesta V28;Alimentos;Cesta;Marca_A;108.65;71.48
779;Cesta V29;Alimentos;Cesta;Marca_E;196.05;136.24
780;Cesta V30;Alimentos;Cesta;Marca_A;132.09;100.56
781;Cesta V31;Alimentos;Cesta;Marca_B;74.59;43.36
782;Cesta V32;Alimentos;Cesta;Marca_A;18.86;13.88
783;Cesta V33;Alimentos;Cesta;Marca_A;75.04;50.17
784;Cesta V34;Alimentos;Cesta;Marca_B;96.2;84.05
785;Cesta V35;Alimentos;Cesta;Marca_C;147.51;114.28
786;Cesta V36;Alimentos;Cesta;Marca_E;121.24;99.47
787;Cesta V37;Alimentos;Cesta;Marca_A;137.82;115.54
788;Cesta V38;Alimentos;Cesta;Marca_D;74.97;43.54
789;Cesta V39;Alimentos;Cesta;Marca_A;32.95;18.45
790;Cesta V40;Alimentos;Cesta;Marca_E;148.76;95.17
791;Cesta V41;Alimentos;Cesta;Marca_A;145.41;83.62
792;Cesta V42;Alimentos;Cesta;Marca_B;179.27;158.58
793;Cesta V43;Alimentos;Cesta;Marca_B;160.84;126.61
794;Cesta V44;Alimentos;Cesta;Marca_B;98.16;85.41
795;Cesta V45;Alimentos;Cesta;Marca_B;20.22;17.08
796;Cesta V46;Alimentos;Cesta;Marca_A;139.57;122.55
797;Cesta V47;Alimentos;Cesta;Marca_A;122.43;81.28
798;Cesta V48;Alimentos;Cesta;Marca_B;86.64;55.37
799;Cesta V49;Alimentos;Cesta;Marca_A;164.03;92.85
800;Cesta V50;Alimentos;Cesta;Marca_E;180.71;132.76
801;Snack V1;Alimentos;Snack;Marca_E;188.02;159.52
802;Snack V2;Alimentos;Snack;Marca_E;30.52;24.85
803;Snack V3;Alimentos;Snack;Marca_D;114.82;95.41
804;Snack V4;Alimentos;Snack;Marca_A;67.8;39.06
805;Snack V5;Alimentos;Snack;Marca_A;81.84;64.43
806;Snack V6;Alimentos;Snack;Marca_D;175.35;99.97
807;Snack V7;Alimentos;Snack;Marca_C;198.27;170.34
808;Snack V8;Alimentos;Snack;Marca_E;184.06;110.5
809;Snack V9;Alimentos;Snack;Marca_A;155.02;91.09
810;Snack V10;Alimentos;Snack;Marca_D;163.39;144.5
811;Snack V11;Alimentos;Snack;Marca_D;89.9;75.23
812;Snack V12;Alimentos;Snack;Marca_D;16.28;10.16
813;Snack V13;Alimentos;Snack;Marca_E;163.25;129.83
814;Snack V14;Alimentos;Snack;Marca_A;44.52;31.15
815;Snack V15;Alimentos;Snack;Marca_D;173.39;131.64
816;Snack V16;Alimentos;Snack;Marca_D;189.68;140.23
817;Snack V17;Alimentos;Snack;Marca_E;185.82;118.87
818;Snack V18;Alimentos;Snack;Marca_A;161.97;118.8
819;Snack V19;Alimentos;Snack;Marca_C;143.33;89.34
820;Snack V20;Alimentos;Snack;Marca_B;146.68;124.83
821;Snack V21;Alimentos;Snack;Marca_B;31.32;20.35
822;Snack V22;Alimentos;Snack;Marca_C;100.05;80.74
823;Snack V23;Alimentos;Snack;Marca_A;124.11;91.24
824;Snack V24;Alimentos;Snack;Marca_C;54.44;45.56
825;Snack V25;Alimentos;Snack;Marca_D;198.34;148.46
826;Snack V26;Alimentos;Snack;Marca_E;94.31;81.72
827;Snack V27;Alimentos;Snack;Marca_A;125.01;94.12
828;Snack V28;Alimentos;Snack;Marca_A;181.69;128.67
829;Snack V29;Alimentos;Snack;Marca_D;57.79;47.07
830;Snack V30;Alimentos;Snack;Marca_B;108.88;62.42
831;Snack V31;Alimentos;Snack;Marca_B;170.24;93.91
832;Snack V32;Alimentos;Snack;Marca_D;84.42;52.48
833;Snack V33;Alimentos;Snack;Marca_C;90.32;79.51
834;Snack V34;Alimentos;Snack;Marca_D;33.7;28.27
835;Snack V35;Alimentos;Snack;Marca_B;198.98;177.82
836;Snack V36;Alimentos;Snack;Marca_B;102.13;71.48
837;Snack V37;Alimentos;Snack;Marca_D;128.28;105.18
838;Snack V38;Alimentos;Snack;Marca_C;65.58;46.15
839;Snack V39;Alimentos;Snack;Marca_A;163.38;112.74
840;Snack V40;Alimentos;Snack;Marca_D;34.71;19.74
841;Snack V41;Alimentos;Snack;Marca_C;33.02;24.31
842;Snack V42;Alimentos;Snack;Marca_D;23.56;15.37
843;Snack V43;Alimentos;Snack;Marca_B;194.54;149.34
844;Snack V44;Alimentos;Snack;Marca_B;100.15;66.94
845;Snack V45;Alimentos;Snack;Marca_A;102.11;66.73
846;Snack V46;Alimentos;Snack;Marca_C;60.79;38.44
847;Snack V47;Alimentos;Snack;Marca_B;147.73;97.71
848;Snack V48;Alimentos;Snack;Marca_B;105.55;82.0
849;Snack V49;Alimentos;Snack;Marca_C;99.85;67.57
850;Snack V50;Alimentos;Snack;Marca_D;140.45;84.35
851;Bebida V1;Alimentos;Bebida;Marca_B;127.31;107.01
852;Bebida V2;Alimentos;Bebida;Marca_A;149.45;120.03
853;Bebida V3;Alimentos;Bebida;Marca_E;53.37;42.01
854;Bebida V4;Alimentos;Bebida;Marca_D;105.06;67.39
855;Bebida V5;Alimentos;Bebida;Marca_C;75.49;51.99
856;Bebida V6;Alimentos;Bebida;Marca_C;161.69;93.82
857;Bebida V7;Alimentos;Bebida;Marca_C;177.6;157.72
858;Bebida V8;Alimentos;Bebida;Marca_C;25.31;17.92
859;Bebida V9;Alimentos;Bebida;Marca_B;119.53;103.78
860;Bebida V10;Alimentos;Bebida;Marca_C;86.75;70.96
861;Bebida V11;Alimentos;Bebida;Marca_A;159.27;95.91
862;Bebida V12;Alimentos;Bebida;Marca_C;52.3;37.31
863;Bebida V13;Alimentos;Bebida;Marca_E;162.91;126.17
864;Bebida V14;Alimentos;Bebida;Marca_A;106.94;84.6
865;Bebida V15;Alimentos;Bebida;Marca_A;166.42;123.56
866;Bebida V16;Alimentos;Bebida;Marca_E;170.66;120.44
867;Bebida V17;Alimentos;Bebida;Marca_C;186.06;140.99
868;Bebida V18;Alimentos;Bebida;Marca_D;120.99;67.0
869;Bebida V19;Alimentos;Bebida;Marca_B;35.99;23.87
870;Bebida V20;Alimentos;Bebida;Marca_D;121.22;79.78
871;Bebida V21;Alimentos;Bebida;Marca_B;58.7;45.31
872;Bebida V22;Alimentos;Bebida;Marca_A;192.4;145.56
873;Bebida V23;Alimentos;Bebida;Marca_D;182.78;112.2
874;Bebida V24;Alimentos;Bebida;Marca_B;60.6;54.27
875;Bebida V25;Alimentos;Bebida;Marca_D;19.18;12.88
876;Bebida V26;Alimentos;Bebida;Marca_B;112.8;82.65
877;Bebida V27;Alimentos;Bebida;Marca_B;16.33;11.2
878;Bebida V28;Alimentos;Bebida;Marca_C;91.09;81.25
879;Bebida V29;Alimentos;Bebida;Marca_D;21.74;16.29
880;Bebida V30;Alimentos;Bebida;Marca_D;194.43;139.38
881;Bebida V31;Alimentos;Bebida;Marca_A;169.51;118.34
882;Bebida V32;Alimentos;Bebida;Marca_D;7.82;5.06
883;Bebida V33;Alimentos;Bebida;Marca_C;80.02;65.4
884;Bebida V34;Alimentos;Bebida;Marca_D;139.41;81.72
885;Bebida V35;Alimentos;Bebida;Marca_E;101.26;85.9
886;Bebida V36;Alimentos;Bebida;Marca_E;106.31;66.57
887;Bebida V37;Alimentos;Bebida;Marca_E;63.78;55.79
888;Bebida V38;Alimentos;Bebida;Marca_D;118.4;88.82
889;Bebida V39;Alimentos;Bebida;Marca_C;136.81;122.69
890;Bebida V40;Alimentos;Bebida;Marca_A;138.74;106.25
891;Bebida V41;Alimentos;Bebida;Marca_C;88.32;72.36
892;Bebida V42;Alimentos;Bebida;Marca_E;108.76;64.93
893;Bebida V43;Alimentos;Bebida;Marca_C;31.17;18.04
894;Bebida V44;Alimentos;Bebida;Marca_A;99.9;61.04
895;Bebida V45;Alimentos;Bebida;Marca_B;86.83;76.5
896;Bebida V46;Alimentos;Bebida;Marca_E;73.48;61.78
897;Bebida V47;Alimentos;Bebida;Marca_D;112.22;67.9
898;Bebida V48;Alimentos;Bebida;Marca_B;96.86;59.26
899;Bebida V49;Alimentos;Bebida;Marca_B;118.24;97.11
900;Bebida V50;Alimentos;Bebida;Marca_E;88.08;79.12
901;Café V1;Alimentos;Café;Marca_C;19.67;17.64
902;Café V2;Alimentos;Café;Marca_A;85.3;72.25
903;Café V3;Alimentos;Café;Marca_E;51.09;42.14
904;Café V4;Alimentos;Café;Marca_B;52.78;33.7
905;Café V5;Alimentos;Café;Marca_E;90.65;71.41
906;Café V6;Alimentos;Café;Marca_C;143.84;103.07
907;Café V7;Alimentos;Café;Marca_A;190.29;169.21
908;Café V8;Alimentos;Café;Marca_D;110.31;69.01
909;Café V9;Alimentos;Café;Marca_E;153.74;133.8
910;Café V10;Alimentos;Café;Marca_E;89.32;77.34
911;Café V11;Alimentos;Café;Marca_C;113.68;96.19
912;Café V12;Alimentos;Café;Marca_D;142.81;80.55
913;Café V13;Alimentos;Café;Marca_E;106.7;85.76
914;Café V14;Alimentos;Café;Marca_A;53.48;47.77
915;Café V15;Alimentos;Café;Marca_C;66.07;56.7
916;Café V16;Alimentos;Café;Marca_D;187.81;139.61
917;Café V17;Alimentos;Café;Marca_A;27.93;18.35
918;Café V18;Alimentos;Café;Marca_E;10.18;6.79
919;Café V19;Alimentos;Café;Marca_D;114.6;66.4
920;Café V20;Alimentos;Café;Marca_B;133.85;108.07
921;Café V21;Alimentos;Café;Marca_B;22.17;16.24
922;Café V22;Alimentos;Café;Marca_C;122.68;96.38
923;Café V23;Alimentos;Café;Marca_A;116.11;91.42
924;Café V24;Alimentos;Café;Marca_A;138.79;106.47
925;Café V25;Alimentos;Café;Marca_A;31.43;26.92
926;Café V26;Alimentos;Café;Marca_D;54.15;37.3
927;Café V27;Alimentos;Café;Marca_A;67.09;40.1
928;Café V28;Alimentos;Café;Marca_D;134.18;90.47
929;Café V29;Alimentos;Café;Marca_D;159.73;92.83
930;Café V30;Alimentos;Café;Marca_E;163.66;107.12
931;Café V31;Alimentos;Café;Marca_E;132.25;108.25
932;Café V32;Alimentos;Café;Marca_A;106.75;78.83
933;Café V33;Alimentos;Café;Marca_A;66.85;53.51
934;Café V34;Alimentos;Café;Marca_C;84.67;60.25
935;Café V35;Alimentos;Café;Marca_E;80.62;67.67
936;Café V36;Alimentos;Café;Marca_E;182.76;161.75
937;Café V37;Alimentos;Café;Marca_A;53.17;33.72
938;Café V38;Alimentos;Café;Marca_E;45.13;33.73
939;Café V39;Alimentos;Café;Marca_A;90.42;68.99
940;Café V40;Alimentos;Café;Marca_D;157.75;105.96
941;Café V41;Alimentos;Café;Marca_E;150.56;106.34
942;Café V42;Alimentos;Café;Marca_D;63.37;37.4
943;Café V43;Alimentos;Café;Marca_D;129.62;90.64
944;Café V44;Alimentos;Café;Marca_B;115.2;99.57
945;Café V45;Alimentos;Café;Marca_B;167.24;126.18
946;Café V46;Alimentos;Café;Marca_C;37.93;27.16
947;Café V47;Alimentos;Café;Marca_A;58.79;36.31
948;Café V48;Alimentos;Café;Marca_A;31.3;24.23
949;Café V49;Alimentos;Café;Marca_E;78.82;51.88
950;Café V50;Alimentos;Café;Marca_E;83.67;56.9
951;Chocolate V1;Alimentos;Chocolate;Marca_A;156.02;133.82
952;Chocolate V2;Alimentos;Chocolate;Marca_A;9.78;6.65
953;Chocolate V3;Alimentos;Chocolate;Marca_C;38.92;23.26
954;Chocolate V4;Alimentos;Chocolate;Marca_D;17.99;15.81
955;Chocolate V5;Alimentos;Chocolate;Marca_C;60.43;35.83
956;Chocolate V6;Alimentos;Chocolate;Marca_D;132.95;91.21
957;Chocolate V7;Alimentos;Chocolate;Marca_B;20.44;16.73
958;Chocolate V8;Alimentos;Chocolate;Marca_E;194.23;168.16
959;Chocolate V9;Alimentos;Chocolate;Marca_D;50.57;42.84
960;Chocolate V10;Alimentos;Chocolate;Marca_A;68.62;61.48
961;Chocolate V11;Alimentos;Chocolate;Marca_D;72.14;52.12
962;Chocolate V12;Alimentos;Chocolate;Marca_B;94.19;57.42
963;Chocolate V13;Alimentos;Chocolate;Marca_C;62.95;40.47
964;Chocolate V14;Alimentos;Chocolate;Marca_B;98.64;59.88
965;Chocolate V15;Alimentos;Chocolate;Marca_B;67.35;48.69
966;Chocolate V16;Alimentos;Chocolate;Marca_A;169.7;143.6
967;Chocolate V17;Alimentos;Chocolate;Marca_E;113.7;92.76
968;Chocolate V18;Alimentos;Chocolate;Marca_B;134.22;93.97
969;Chocolate V19;Alimentos;Chocolate;Marca_D;183.11;126.53
970;Chocolate V20;Alimentos;Chocolate;Marca_E;37.03;22.64
971;Chocolate V21;Alimentos;Chocolate;Marca_E;132.4;88.02
972;Chocolate V22;Alimentos;Chocolate;Marca_B;103.57;64.5
973;Chocolate V23;Alimentos;Chocolate;Marca_E;123.03;83.2
974;Chocolate V24;Alimentos;Chocolate;Marca_D;141.66;95.17
975;Chocolate V25;Alimentos;Chocolate;Marca_B;162.35;124.4
976;Chocolate V26;Alimentos;Chocolate;Marca_D;17.94;15.23
977;Chocolate V27;Alimentos;Chocolate;Marca_B;129.66;87.79
978;Chocolate V28;Alimentos;Chocolate;Marca_E;153.77;86.27
979;Chocolate V29;Alimentos;Chocolate;Marca_A;195.92;161.35
980;Chocolate V30;Alimentos;Chocolate;Marca_B;6.76;4.93
981;Chocolate V31;Alimentos;Chocolate;Marca_D;74.98;47.18
982;Chocolate V32;Alimentos;Chocolate;Marca_D;68.32;52.44
983;Chocolate V33;Alimentos;Chocolate;Marca_D;130.72;74.8
984;Chocolate V34;Alimentos;Chocolate;Marca_A;177.0;108.15
985;Chocolate V35;Alimentos;Chocolate;Marca_D;124.06;109.22
986;Chocolate V36;Alimentos;Chocolate;Marca_D;119.43;89.53
987;Chocolate V37;Alimentos;Chocolate;Marca_B;76.55;66.07
988;Chocolate V38;Alimentos;Chocolate;Marca_A;70.63;55.17
989;Chocolate V39;Alimentos;Chocolate;Marca_B;126.04;87.05
990;Chocolate V40;Alimentos;Chocolate;Marca_E;110.36;86.5
991;Chocolate V41;Alimentos;Chocolate;Marca_B;89.02;56.94
992;Chocolate V42;Alimentos;Chocolate;Marca_A;104.43;60.52
993;Chocolate V43;Alimentos;Chocolate;Marca_D;120.71;105.41
994;Chocolate V44;Alimentos;Chocolate;Marca_C;7.61;5.24
995;Chocolate V45;Alimentos;Chocolate;Marca_E;126.27;100.91
996;Chocolate V46;Alimentos;Chocolate;Marca_D;184.06;133.7
997;Chocolate V47;Alimentos;Chocolate;Marca_C;92.68;56.24
998;Chocolate V48;Alimentos;Chocolate;Marca_B;118.23;71.44
999;Chocolate V49;Alimentos;Chocolate;Marca_D;138.16;76.43
1000;Chocolate V50;Alimentos;Chocolate;Marca_B;163.33;130.15
1001;Shampoo V1;Beleza;Shampoo;Marca_D;302.15;247.9
1002;Shampoo V2;Beleza;Shampoo;Marca_C;665.4;540.48
1003;Shampoo V3;Beleza;Shampoo;Marca_A;799.09;467.71
1004;Shampoo V4;Beleza;Shampoo;Marca_D;521.73;435.94
1005;Shampoo V5;Beleza;Shampoo;Marca_A;641.22;488.14
1006;Shampoo V6;Beleza;Shampoo;Marca_E;674.96;391.37
1007;Shampoo V7;Beleza;Shampoo;Marca_B;250.21;202.37
1008;Shampoo V8;Beleza;Shampoo;Marca_A;71.85;59.06
1009;Shampoo V9;Beleza;Shampoo;Marca_A;267.71;211.71
1010;Shampoo V10;Beleza;Shampoo;Marca_B;198.94;124.57
1011;Shampoo V11;Beleza;Shampoo;Marca_A;465.97;334.24
1012;Shampoo V12;Beleza;Shampoo;Marca_D;54.63;49.08
1013;Shampoo V13;Beleza;Shampoo;Marca_E;648.67;438.03
1014;Shampoo V14;Beleza;Shampoo;Marca_C;572.51;408.54
1015;Shampoo V15;Beleza;Shampoo;Marca_A;564.22;456.76
1016;Shampoo V16;Beleza;Shampoo;Marca_E;441.3;360.17
1017;Shampoo V17;Beleza;Shampoo;Marca_E;98.82;59.99
1018;Shampoo V18;Beleza;Shampoo;Marca_B;530.13;440.2
1019;Shampoo V19;Beleza;Shampoo;Marca_E;576.43;454.26
1020;Shampoo V20;Beleza;Shampoo;Marca_B;60.49;51.1
1021;Shampoo V21;Beleza;Shampoo;Marca_E;516.69;298.6
1022;Shampoo V22;Beleza;Shampoo;Marca_C;271.08;223.59
1023;Shampoo V23;Beleza;Shampoo;Marca_E;721.45;489.03
1024;Shampoo V24;Beleza;Shampoo;Marca_C;561.06;374.86
1025;Shampoo V25;Beleza;Shampoo;Marca_A;472.66;340.6
1026;Shampoo V26;Beleza;Shampoo;Marca_C;452.5;274.73
1027;Shampoo V27;Beleza;Shampoo;Marca_E;530.92;432.62
1028;Shampoo V28;Beleza;Shampoo;Marca_D;610.36;383.31
1029;Shampoo V29;Beleza;Shampoo;Marca_D;326.34;188.95
1030;Shampoo V30;Beleza;Shampoo;Marca_E;552.28;422.97
1031;Shampoo V31;Beleza;Shampoo;Marca_C;324.28;213.38
1032;Shampoo V32;Beleza;Shampoo;Marca_E;441.36;284.42
1033;Shampoo V33;Beleza;Shampoo;Marca_B;409.78;254.64
1034;Shampoo V34;Beleza;Shampoo;Marca_B;708.95;534.41
1035;Shampoo V35;Beleza;Shampoo;Marca_E;265.17;147.28
1036;Shampoo V36;Beleza;Shampoo;Marca_D;228.42;144.77
1037;Shampoo V37;Beleza;Shampoo;Marca_B;706.78;597.92
1038;Shampoo V38;Beleza;Shampoo;Marca_E;384.19;269.89
1039;Shampoo V39;Beleza;Shampoo;Marca_A;651.02;551.32
1040;Shampoo V40;Beleza;Shampoo;Marca_E;358.0;228.08
1041;Shampoo V41;Beleza;Shampoo;Marca_B;611.06;531.56
1042;Shampoo V42;Beleza;Shampoo;Marca_E;352.79;206.76
1043;Shampoo V43;Beleza;Shampoo;Marca_B;492.79;431.54
1044;Shampoo V44;Beleza;Shampoo;Marca_E;151.27;112.46
1045;Shampoo V45;Beleza;Shampoo;Marca_E;670.77;473.04
1046;Shampoo V46;Beleza;Shampoo;Marca_D;28.29;16.21
1047;Shampoo V47;Beleza;Shampoo;Marca_B;613.31;444.69
1048;Shampoo V48;Beleza;Shampoo;Marca_C;618.21;453.56
1049;Shampoo V49;Beleza;Shampoo;Marca_D;568.9;356.74
1050;Shampoo V50;Beleza;Shampoo;Marca_A;600.26;387.66
1051;Perfume V1;Beleza;Perfume;Marca_A;406.41;328.35
1052;Perfume V2;Beleza;Perfume;Marca_D;569.77;408.46
1053;Perfume V3;Beleza;Perfume;Marca_B;706.68;611.67
1054;Perfume V4;Beleza;Perfume;Marca_A;356.16;201.25
1055;Perfume V5;Beleza;Perfume;Marca_A;382.11;245.07
1056;Perfume V6;Beleza;Perfume;Marca_E;616.12;431.48
1057;Perfume V7;Beleza;Perfume;Marca_C;118.32;94.95
1058;Perfume V8;Beleza;Perfume;Marca_C;498.77;331.43
1059;Perfume V9;Beleza;Perfume;Marca_A;702.23;532.41
1060;Perfume V10;Beleza;Perfume;Marca_B;111.53;63.29
1061;Perfume V11;Beleza;Perfume;Marca_C;590.99;347.03
1062;Perfume V12;Beleza;Perfume;Marca_E;308.31;183.46
1063;Perfume V13;Beleza;Perfume;Marca_E;489.39;315.66
1064;Perfume V14;Beleza;Perfume;Marca_E;48.08;28.01
1065;Perfume V15;Beleza;Perfume;Marca_D;646.3;489.74
1066;Perfume V16;Beleza;Perfume;Marca_A;296.89;241.66
1067;Perfume V17;Beleza;Perfume;Marca_C;604.71;474.15
1068;Perfume V18;Beleza;Perfume;Marca_E;513.86;453.15
1069;Perfume V19;Beleza;Perfume;Marca_C;710.6;454.86
1070;Perfume V20;Beleza;Perfume;Marca_D;247.9;185.0
1071;Perfume V21;Beleza;Perfume;Marca_B;689.38;414.88
1072;Perfume V22;Beleza;Perfume;Marca_E;326.91;283.21
1073;Perfume V23;Beleza;Perfume;Marca_A;216.92;124.84
1074;Perfume V24;Beleza;Perfume;Marca_D;152.32;114.78
1075;Perfume V25;Beleza;Perfume;Marca_C;25.53;15.67
1076;Perfume V26;Beleza;Perfume;Marca_B;165.86;94.03
1077;Perfume V27;Beleza;Perfume;Marca_E;620.17;413.65
1078;Perfume V28;Beleza;Perfume;Marca_C;266.33;228.33
1079;Perfume V29;Beleza;Perfume;Marca_A;102.68;88.13
1080;Perfume V30;Beleza;Perfume;Marca_D;72.62;43.63
1081;Perfume V31;Beleza;Perfume;Marca_E;225.42;193.98
1082;Perfume V32;Beleza;Perfume;Marca_A;625.2;413.5
1083;Perfume V33;Beleza;Perfume;Marca_E;178.39;105.42
1084;Perfume V34;Beleza;Perfume;Marca_E;242.71;201.7
1085;Perfume V35;Beleza;Perfume;Marca_D;118.46;78.72
1086;Perfume V36;Beleza;Perfume;Marca_D;785.72;613.2
1087;Perfume V37;Beleza;Perfume;Marca_D;632.93;565.63
1088;Perfume V38;Beleza;Perfume;Marca_A;552.84;333.96
1089;Perfume V39;Beleza;Perfume;Marca_B;359.24;292.46
1090;Perfume V40;Beleza;Perfume;Marca_B;656.57;448.13
1091;Perfume V41;Beleza;Perfume;Marca_E;646.7;563.4
1092;Perfume V42;Beleza;Perfume;Marca_D;285.78;224.71
1093;Perfume V43;Beleza;Perfume;Marca_A;242.71;188.68
1094;Perfume V44;Beleza;Perfume;Marca_D;640.34;569.75
1095;Perfume V45;Beleza;Perfume;Marca_C;664.2;511.57
1096;Perfume V46;Beleza;Perfume;Marca_B;677.97;590.45
1097;Perfume V47;Beleza;Perfume;Marca_E;587.53;441.63
1098;Perfume V48;Beleza;Perfume;Marca_B;741.84;530.98
1099;Perfume V49;Beleza;Perfume;Marca_C;58.2;36.92
1100;Perfume V50;Beleza;Perfume;Marca_B;144.4;102.77
1101;Protetor V1;Beleza;Protetor;Marca_D;292.4;249.51
1102;Protetor V2;Beleza;Protetor;Marca_C;766.87;600.33
1103;Protetor V3;Beleza;Protetor;Marca_E;429.48;251.51
1104;Protetor V4;Beleza;Protetor;Marca_E;597.02;358.19
1105;Protetor V5;Beleza;Protetor;Marca_B;113.79;70.76
1106;Protetor V6;Beleza;Protetor;Marca_E;422.95;267.29
1107;Protetor V7;Beleza;Protetor;Marca_E;580.96;373.89
1108;Protetor V8;Beleza;Protetor;Marca_C;712.62;544.54
1109;Protetor V9;Beleza;Protetor;Marca_A;572.06;450.68
1110;Protetor V10;Beleza;Protetor;Marca_A;632.45;475.88
1111;Protetor V11;Beleza;Protetor;Marca_A;778.77;559.79
1112;Protetor V12;Beleza;Protetor;Marca_E;516.37;409.74
1113;Protetor V13;Beleza;Protetor;Marca_D;309.53;184.8
1114;Protetor V14;Beleza;Protetor;Marca_C;525.93;462.17
1115;Protetor V15;Beleza;Protetor;Marca_D;264.87;172.99
1116;Protetor V16;Beleza;Protetor;Marca_A;362.18;205.09
1117;Protetor V17;Beleza;Protetor;Marca_E;392.73;233.17
1118;Protetor V18;Beleza;Protetor;Marca_E;691.72;490.54
1119;Protetor V19;Beleza;Protetor;Marca_E;50.52;39.89
1120;Protetor V20;Beleza;Protetor;Marca_D;704.52;433.47
1121;Protetor V21;Beleza;Protetor;Marca_B;533.24;433.3
1122;Protetor V22;Beleza;Protetor;Marca_B;54.64;32.72
1123;Protetor V23;Beleza;Protetor;Marca_A;28.95;19.54
1124;Protetor V24;Beleza;Protetor;Marca_B;195.38;113.61
1125;Protetor V25;Beleza;Protetor;Marca_C;661.35;502.64
1126;Protetor V26;Beleza;Protetor;Marca_E;565.43;323.64
1127;Protetor V27;Beleza;Protetor;Marca_A;220.8;137.57
1128;Protetor V28;Beleza;Protetor;Marca_E;580.98;502.98
1129;Protetor V29;Beleza;Protetor;Marca_B;251.22;171.96
1130;Protetor V30;Beleza;Protetor;Marca_A;517.12;428.4
1131;Protetor V31;Beleza;Protetor;Marca_E;106.84;77.29
1132;Protetor V32;Beleza;Protetor;Marca_D;471.51;359.34
1133;Protetor V33;Beleza;Protetor;Marca_B;36.17;21.32
1134;Protetor V34;Beleza;Protetor;Marca_A;271.22;173.97
1135;Protetor V35;Beleza;Protetor;Marca_D;466.9;324.46
1136;Protetor V36;Beleza;Protetor;Marca_B;303.03;191.53
1137;Protetor V37;Beleza;Protetor;Marca_C;690.62;418.1
1138;Protetor V38;Beleza;Protetor;Marca_A;781.25;531.87
1139;Protetor V39;Beleza;Protetor;Marca_E;428.66;264.18
1140;Protetor V40;Beleza;Protetor;Marca_E;506.6;426.76
1141;Protetor V41;Beleza;Protetor;Marca_E;169.83;130.74
1142;Protetor V42;Beleza;Protetor;Marca_A;66.77;59.86
1143;Protetor V43;Beleza;Protetor;Marca_C;108.98;87.89
1144;Protetor V44;Beleza;Protetor;Marca_E;75.59;67.29
1145;Protetor V45;Beleza;Protetor;Marca_C;331.04;212.69
1146;Protetor V46;Beleza;Protetor;Marca_C;152.48;132.02
1147;Protetor V47;Beleza;Protetor;Marca_A;418.04;365.77
1148;Protetor V48;Beleza;Protetor;Marca_B;501.37;436.52
1149;Protetor V49;Beleza;Protetor;Marca_D;114.14;77.65
1150;Protetor V50;Beleza;Protetor;Marca_C;606.14;536.53
1151;Loção V1;Beleza;Loção;Marca_C;738.5;454.6
1152;Loção V2;Beleza;Loção;Marca_C;621.89;523.22
1153;Loção V3;Beleza;Loção;Marca_D;284.42;198.98
1154;Loção V4;Beleza;Loção;Marca_A;524.47;368.32
1155;Loção V5;Beleza;Loção;Marca_E;55.71;42.47
1156;Loção V6;Beleza;Loção;Marca_A;449.92;267.06
1157;Loção V7;Beleza;Loção;Marca_B;525.58;390.29
1158;Loção V8;Beleza;Loção;Marca_A;262.99;165.78
1159;Loção V9;Beleza;Loção;Marca_B;402.56;224.93
1160;Loção V10;Beleza;Loção;Marca_D;510.83;376.81
1161;Loção V11;Beleza;Loção;Marca_A;320.22;196.55
1162;Loção V12;Beleza;Loção;Marca_A;377.51;310.07
1163;Loção V13;Beleza;Loção;Marca_B;441.7;358.65
1164;Loção V14;Beleza;Loção;Marca_A;167.15;100.58
1165;Loção V15;Beleza;Loção;Marca_D;540.11;379.63
1166;Loção V16;Beleza;Loção;Marca_E;618.8;508.58
1167;Loção V17;Beleza;Loção;Marca_B;496.55;436.69
1168;Loção V18;Beleza;Loção;Marca_D;228.89;201.91
1169;Loção V19;Beleza;Loção;Marca_D;534.31;444.1
1170;Loção V20;Beleza;Loção;Marca_C;771.22;526.71
1171;Loção V21;Beleza;Loção;Marca_A;322.65;193.3
1172;Loção V22;Beleza;Loção;Marca_D;69.78;50.27
1173;Loção V23;Beleza;Loção;Marca_E;336.69;245.47
1174;Loção V24;Beleza;Loção;Marca_C;488.97;319.81
1175;Loção V25;Beleza;Loção;Marca_A;59.06;50.3
1176;Loção V26;Beleza;Loção;Marca_C;595.12;533.83
1177;Loção V27;Beleza;Loção;Marca_E;611.89;433.86
1178;Loção V28;Beleza;Loção;Marca_E;274.88;241.86
1179;Loção V29;Beleza;Loção;Marca_D;536.47;332.9
1180;Loção V30;Beleza;Loção;Marca_B;785.09;612.02
1181;Loção V31;Beleza;Loção;Marca_C;453.77;377.35
1182;Loção V32;Beleza;Loção;Marca_C;63.81;46.37
1183;Loção V33;Beleza;Loção;Marca_C;273.33;224.01
1184;Loção V34;Beleza;Loção;Marca_C;645.18;408.75
1185;Loção V35;Beleza;Loção;Marca_C;393.64;266.77
1186;Loção V36;Beleza;Loção;Marca_C;421.39;376.46
1187;Loção V37;Beleza;Loção;Marca_C;768.76;665.42
1188;Loção V38;Beleza;Loção;Marca_C;229.78;186.51
1189;Loção V39;Beleza;Loção;Marca_C;159.18;125.5
1190;Loção V40;Beleza;Loção;Marca_A;560.59;311.96
1191;Loção V41;Beleza;Loção;Marca_A;418.48;324.94
1192;Loção V42;Beleza;Loção;Marca_B;334.81;241.38
1193;Loção V43;Beleza;Loção;Marca_A;557.63;386.81
1194;Loção V44;Beleza;Loção;Marca_A;686.0;395.27
1195;Loção V45;Beleza;Loção;Marca_D;261.2;164.18
1196;Loção V46;Beleza;Loção;Marca_D;443.21;298.88
1197;Loção V47;Beleza;Loção;Marca_B;247.43;175.01
1198;Loção V48;Beleza;Loção;Marca_A;336.82;216.61
1199;Loção V49;Beleza;Loção;Marca_D;719.57;454.16
1200;Loção V50;Beleza;Loção;Marca_B;152.63;85.49
1201;Maquiagem V1;Beleza;Maquiagem;Marca_B;434.64;258.05
1202;Maquiagem V2;Beleza;Maquiagem;Marca_A;364.95;320.96
1203;Maquiagem V3;Beleza;Maquiagem;Marca_E;500.29;325.18
1204;Maquiagem V4;Beleza;Maquiagem;Marca_B;183.14;109.48
1205;Maquiagem V5;Beleza;Maquiagem;Marca_B;163.27;114.05
1206;Maquiagem V6;Beleza;Maquiagem;Marca_D;361.54;250.52
1207;Maquiagem V7;Beleza;Maquiagem;Marca_C;411.87;314.13
1208;Maquiagem V8;Beleza;Maquiagem;Marca_C;775.45;474.4
1209;Maquiagem V9;Beleza;Maquiagem;Marca_E;373.1;301.42
1210;Maquiagem V10;Beleza;Maquiagem;Marca_E;307.68;180.56
1211;Maquiagem V11;Beleza;Maquiagem;Marca_C;546.97;402.56
1212;Maquiagem V12;Beleza;Maquiagem;Marca_A;117.13;99.2
1213;Maquiagem V13;Beleza;Maquiagem;Marca_B;408.88;288.88
1214;Maquiagem V14;Beleza;Maquiagem;Marca_C;760.15;583.17
1215;Maquiagem V15;Beleza;Maquiagem;Marca_D;203.19;176.57
1216;Maquiagem V16;Beleza;Maquiagem;Marca_C;128.98;99.67
1217;Maquiagem V17;Beleza;Maquiagem;Marca_B;270.67;190.86
1218;Maquiagem V18;Beleza;Maquiagem;Marca_D;462.46;300.74
1219;Maquiagem V19;Beleza;Maquiagem;Marca_B;528.66;352.29
1220;Maquiagem V20;Beleza;Maquiagem;Marca_C;445.08;312.63
1221;Maquiagem V21;Beleza;Maquiagem;Marca_A;27.08;24.04
1222;Maquiagem V22;Beleza;Maquiagem;Marca_E;173.87;128.0
1223;Maquiagem V23;Beleza;Maquiagem;Marca_C;668.63;513.65
1224;Maquiagem V24;Beleza;Maquiagem;Marca_A;29.05;21.67
1225;Maquiagem V25;Beleza;Maquiagem;Marca_B;150.88;105.56
1226;Maquiagem V26;Beleza;Maquiagem;Marca_D;448.63;290.67
1227;Maquiagem V27;Beleza;Maquiagem;Marca_D;531.36;450.54
1228;Maquiagem V28;Beleza;Maquiagem;Marca_A;443.66;339.75
1229;Maquiagem V29;Beleza;Maquiagem;Marca_B;608.7;379.43
1230;Maquiagem V30;Beleza;Maquiagem;Marca_A;303.26;248.7
1231;Maquiagem V31;Beleza;Maquiagem;Marca_C;750.8;429.51
1232;Maquiagem V32;Beleza;Maquiagem;Marca_D;504.52;348.49
1233;Maquiagem V33;Beleza;Maquiagem;Marca_C;684.14;552.48
1234;Maquiagem V34;Beleza;Maquiagem;Marca_B;152.67;120.06
1235;Maquiagem V35;Beleza;Maquiagem;Marca_A;396.81;221.9
1236;Maquiagem V36;Beleza;Maquiagem;Marca_D;72.07;50.52
1237;Maquiagem V37;Beleza;Maquiagem;Marca_D;362.05;200.95
1238;Maquiagem V38;Beleza;Maquiagem;Marca_D;236.03;156.58
1239;Maquiagem V39;Beleza;Maquiagem;Marca_D;191.87;161.95
1240;Maquiagem V40;Beleza;Maquiagem;Marca_C;26.46;18.7
1241;Maquiagem V41;Beleza;Maquiagem;Marca_D;414.91;314.84
1242;Maquiagem V42;Beleza;Maquiagem;Marca_B;202.06;129.97
1243;Maquiagem V43;Beleza;Maquiagem;Marca_B;97.61;58.01
1244;Maquiagem V44;Beleza;Maquiagem;Marca_E;57.53;34.36
1245;Maquiagem V45;Beleza;Maquiagem;Marca_D;504.65;339.21
1246;Maquiagem V46;Beleza;Maquiagem;Marca_D;659.6;514.15
1247;Maquiagem V47;Beleza;Maquiagem;Marca_D;456.47;394.06
1248;Maquiagem V48;Beleza;Maquiagem;Marca_E;208.28;131.28
1249;Maquiagem V49;Beleza;Maquiagem;Marca_E;446.52;313.09
1250;Maquiagem V50;Beleza;Maquiagem;Marca_A;464.05;338.41
1251;Tênis V1;Esporte;Tênis;Marca_A;519.89;350.22
1252;Tênis V2;Esporte;Tênis;Marca_B;551.94;459.18
1253;Tênis V3;Esporte;Tênis;Marca_A;303.01;250.13
1254;Tênis V4;Esporte;Tênis;Marca_B;416.68;255.39
1255;Tênis V5;Esporte;Tênis;Marca_D;328.69;184.22
1256;Tênis V6;Esporte;Tênis;Marca_C;358.16;271.65
1257;Tênis V7;Esporte;Tênis;Marca_D;774.02;610.23
1258;Tênis V8;Esporte;Tênis;Marca_B;477.65;316.39
1259;Tênis V9;Esporte;Tênis;Marca_A;561.63;460.41
1260;Tênis V10;Esporte;Tênis;Marca_B;31.06;22.57
1261;Tênis V11;Esporte;Tênis;Marca_D;311.96;276.67
1262;Tênis V12;Esporte;Tênis;Marca_B;251.02;143.52
1263;Tênis V13;Esporte;Tênis;Marca_A;203.0;164.11
1264;Tênis V14;Esporte;Tênis;Marca_D;373.84;264.95
1265;Tênis V15;Esporte;Tênis;Marca_C;167.61;95.07
1266;Tênis V16;Esporte;Tênis;Marca_B;83.16;74.1
1267;Tênis V17;Esporte;Tênis;Marca_B;75.41;52.97
1268;Tênis V18;Esporte;Tênis;Marca_C;202.75;113.49
1269;Tênis V19;Esporte;Tênis;Marca_D;438.14;357.79
1270;Tênis V20;Esporte;Tênis;Marca_B;503.53;421.43
1271;Tênis V21;Esporte;Tênis;Marca_E;60.08;51.67
1272;Tênis V22;Esporte;Tênis;Marca_A;542.35;485.19
1273;Tênis V23;Esporte;Tênis;Marca_D;700.57;465.26
1274;Tênis V24;Esporte;Tênis;Marca_E;600.9;347.14
1275;Tênis V25;Esporte;Tênis;Marca_C;51.54;35.39
1276;Tênis V26;Esporte;Tênis;Marca_B;372.22;216.42
1277;Tênis V27;Esporte;Tênis;Marca_A;247.85;166.17
1278;Tênis V28;Esporte;Tênis;Marca_D;418.32;234.14
1279;Tênis V29;Esporte;Tênis;Marca_A;751.63;578.47
1280;Tênis V30;Esporte;Tênis;Marca_E;96.56;66.73
1281;Tênis V31;Esporte;Tênis;Marca_C;685.41;493.62
1282;Tênis V32;Esporte;Tênis;Marca_C;433.37;281.13
1283;Tênis V33;Esporte;Tênis;Marca_E;566.12;370.74
1284;Tênis V34;Esporte;Tênis;Marca_B;726.61;506.96
1285;Tênis V35;Esporte;Tênis;Marca_B;790.88;546.37
1286;Tênis V36;Esporte;Tênis;Marca_E;552.9;357.62
1287;Tênis V37;Esporte;Tênis;Marca_E;575.83;333.97
1288;Tênis V38;Esporte;Tênis;Marca_D;44.22;26.07
1289;Tênis V39;Esporte;Tênis;Marca_A;708.29;469.75
1290;Tênis V40;Esporte;Tênis;Marca_A;300.62;228.43
1291;Tênis V41;Esporte;Tênis;Marca_E;48.51;38.58
1292;Tênis V42;Esporte;Tênis;Marca_B;126.16;74.84
1293;Tênis V43;Esporte;Tênis;Marca_C;646.56;509.42
1294;Tênis V44;Esporte;Tênis;Marca_B;721.18;431.84
1295;Tênis V45;Esporte;Tênis;Marca_B;493.89;440.31
1296;Tênis V46;Esporte;Tênis;Marca_A;748.43;640.15
1297;Tênis V47;Esporte;Tênis;Marca_D;165.54;108.3
1298;Tênis V48;Esporte;Tênis;Marca_C;214.75;172.74
1299;Tênis V49;Esporte;Tênis;Marca_B;238.09;186.59
1300;Tênis V50;Esporte;Tênis;Marca_B;650.96;539.66
1301;Bola V1;Esporte;Bola;Marca_B;573.65;418.23
1302;Bola V2;Esporte;Bola;Marca_C;403.03;299.45
1303;Bola V3;Esporte;Bola;Marca_D;306.59;258.42
1304;Bola V4;Esporte;Bola;Marca_A;363.99;228.35
1305;Bola V5;Esporte;Bola;Marca_E;349.24;244.17
1306;Bola V6;Esporte;Bola;Marca_A;533.3;385.13
1307;Bola V7;Esporte;Bola;Marca_C;468.82;342.6
1308;Bola V8;Esporte;Bola;Marca_A;175.63;147.6
1309;Bola V9;Esporte;Bola;Marca_C;465.18;355.72
1310;Bola V10;Esporte;Bola;Marca_A;661.84;574.58
1311;Bola V11;Esporte;Bola;Marca_D;320.34;198.88
1312;Bola V12;Esporte;Bola;Marca_D;721.53;630.32
1313;Bola V13;Esporte;Bola;Marca_D;474.55;318.22
1314;Bola V14;Esporte;Bola;Marca_C;130.25;87.21
1315;Bola V15;Esporte;Bola;Marca_B;515.44;389.82
1316;Bola V16;Esporte;Bola;Marca_A;547.14;332.04
1317;Bola V17;Esporte;Bola;Marca_D;671.79;387.14
1318;Bola V18;Esporte;Bola;Marca_B;271.54;241.02
1319;Bola V19;Esporte;Bola;Marca_D;128.83;94.48
1320;Bola V20;Esporte;Bola;Marca_C;708.63;407.17
1321;Bola V21;Esporte;Bola;Marca_B;786.54;562.48
1322;Bola V22;Esporte;Bola;Marca_B;369.37;275.45
1323;Bola V23;Esporte;Bola;Marca_E;724.69;527.42
1324;Bola V24;Esporte;Bola;Marca_A;435.64;275.91
1325;Bola V25;Esporte;Bola;Marca_A;435.68;284.97
1326;Bola V26;Esporte;Bola;Marca_A;338.09;276.54
1327;Bola V27;Esporte;Bola;Marca_A;91.06;72.98
1328;Bola V28;Esporte;Bola;Marca_C;142.18;115.33
1329;Bola V29;Esporte;Bola;Marca_C;325.68;263.48
1330;Bola V30;Esporte;Bola;Marca_A;510.87;312.24
1331;Bola V31;Esporte;Bola;Marca_E;526.5;428.18
1332;Bola V32;Esporte;Bola;Marca_B;780.13;701.82
1333;Bola V33;Esporte;Bola;Marca_B;553.02;394.99
1334;Bola V34;Esporte;Bola;Marca_C;495.47;365.43
1335;Bola V35;Esporte;Bola;Marca_E;32.09;19.05
1336;Bola V36;Esporte;Bola;Marca_C;54.27;44.04
1337;Bola V37;Esporte;Bola;Marca_C;361.12;315.24
1338;Bola V38;Esporte;Bola;Marca_C;724.68;420.22
1339;Bola V39;Esporte;Bola;Marca_D;184.15;125.19
1340;Bola V40;Esporte;Bola;Marca_C;708.18;396.09
1341;Bola V41;Esporte;Bola;Marca_D;669.01;546.8
1342;Bola V42;Esporte;Bola;Marca_A;622.41;343.91
1343;Bola V43;Esporte;Bola;Marca_E;240.12;164.36
1344;Bola V44;Esporte;Bola;Marca_C;407.72;343.34
1345;Bola V45;Esporte;Bola;Marca_D;302.79;234.88
1346;Bola V46;Esporte;Bola;Marca_B;655.3;511.21
1347;Bola V47;Esporte;Bola;Marca_E;500.97;350.23
1348;Bola V48;Esporte;Bola;Marca_C;623.8;534.48
1349;Bola V49;Esporte;Bola;Marca_B;101.37;85.37
1350;Bola V50;Esporte;Bola;Marca_E;784.62;445.2
1351;Shorts V1;Esporte;Shorts;Marca_C;348.01;290.01
1352;Shorts V2;Esporte;Shorts;Marca_B;55.89;38.85
1353;Shorts V3;Esporte;Shorts;Marca_E;316.51;251.74
1354;Shorts V4;Esporte;Shorts;Marca_D;756.42;562.56
1355;Shorts V5;Esporte;Shorts;Marca_B;438.77;333.69
1356;Shorts V6;Esporte;Shorts;Marca_C;275.27;194.99
1357;Shorts V7;Esporte;Shorts;Marca_E;730.12;467.96
1358;Shorts V8;Esporte;Shorts;Marca_B;785.87;456.26
1359;Shorts V9;Esporte;Shorts;Marca_C;59.46;46.12
1360;Shorts V10;Esporte;Shorts;Marca_D;777.83;450.35
1361;Shorts V11;Esporte;Shorts;Marca_C;550.4;398.29
1362;Shorts V12;Esporte;Shorts;Marca_D;758.86;614.5
1363;Shorts V13;Esporte;Shorts;Marca_A;684.33;602.11
1364;Shorts V14;Esporte;Shorts;Marca_B;102.34;71.52
1365;Shorts V15;Esporte;Shorts;Marca_C;408.79;347.11
1366;Shorts V16;Esporte;Shorts;Marca_C;658.09;476.92
1367;Shorts V17;Esporte;Shorts;Marca_D;724.99;442.66
1368;Shorts V18;Esporte;Shorts;Marca_A;587.01;442.86
1369;Shorts V19;Esporte;Shorts;Marca_A;589.92;489.61
1370;Shorts V20;Esporte;Shorts;Marca_D;646.77;381.58
1371;Shorts V21;Esporte;Shorts;Marca_A;138.7;103.84
1372;Shorts V22;Esporte;Shorts;Marca_C;701.55;577.33
1373;Shorts V23;Esporte;Shorts;Marca_B;209.42;133.07
1374;Shorts V24;Esporte;Shorts;Marca_B;67.34;50.65
1375;Shorts V25;Esporte;Shorts;Marca_C;291.34;232.25
1376;Shorts V26;Esporte;Shorts;Marca_B;589.92;431.83
1377;Shorts V27;Esporte;Shorts;Marca_E;209.66;182.37
1378;Shorts V28;Esporte;Shorts;Marca_D;712.38;573.15
1379;Shorts V29;Esporte;Shorts;Marca_B;760.3;443.11
1380;Shorts V30;Esporte;Shorts;Marca_B;217.98;175.57
1381;Shorts V31;Esporte;Shorts;Marca_D;610.35;464.26
1382;Shorts V32;Esporte;Shorts;Marca_E;417.28;352.8
1383;Shorts V33;Esporte;Shorts;Marca_C;208.69;158.18
1384;Shorts V34;Esporte;Shorts;Marca_A;540.34;346.06
1385;Shorts V35;Esporte;Shorts;Marca_E;526.14;346.01
1386;Shorts V36;Esporte;Shorts;Marca_E;73.97;51.99
1387;Shorts V37;Esporte;Shorts;Marca_C;468.59;411.2
1388;Shorts V38;Esporte;Shorts;Marca_D;594.8;492.88
1389;Shorts V39;Esporte;Shorts;Marca_D;130.08;93.14
1390;Shorts V40;Esporte;Shorts;Marca_C;388.63;276.0
1391;Shorts V41;Esporte;Shorts;Marca_E;27.97;22.77
1392;Shorts V42;Esporte;Shorts;Marca_D;418.23;374.1
1393;Shorts V43;Esporte;Shorts;Marca_C;702.79;448.85
1394;Shorts V44;Esporte;Shorts;Marca_A;451.6;263.22
1395;Shorts V45;Esporte;Shorts;Marca_E;693.69;428.4
1396;Shorts V46;Esporte;Shorts;Marca_E;779.7;499.34
1397;Shorts V47;Esporte;Shorts;Marca_A;471.13;417.25
1398;Shorts V48;Esporte;Shorts;Marca_E;218.64;163.62
1399;Shorts V49;Esporte;Shorts;Marca_E;299.99;234.74
1400;Shorts V50;Esporte;Shorts;Marca_E;217.04;140.45
1401;Relógio V1;Esporte;Relógio;Marca_C;364.62;307.9
1402;Relógio V2;Esporte;Relógio;Marca_B;765.89;536.09
1403;Relógio V3;Esporte;Relógio;Marca_B;236.3;209.82
1404;Relógio V4;Esporte;Relógio;Marca_B;296.37;186.76
1405;Relógio V5;Esporte;Relógio;Marca_A;529.49;338.33
1406;Relógio V6;Esporte;Relógio;Marca_B;298.85;198.74
1407;Relógio V7;Esporte;Relógio;Marca_B;637.76;378.53
1408;Relógio V8;Esporte;Relógio;Marca_C;287.02;234.47
1409;Relógio V9;Esporte;Relógio;Marca_B;419.88;377.64
1410;Relógio V10;Esporte;Relógio;Marca_A;182.52;159.34
1411;Relógio V11;Esporte;Relógio;Marca_C;312.22;196.85
1412;Relógio V12;Esporte;Relógio;Marca_D;268.51;204.38
1413;Relógio V13;Esporte;Relógio;Marca_A;296.75;175.18
1414;Relógio V14;Esporte;Relógio;Marca_B;718.37;515.08
1415;Relógio V15;Esporte;Relógio;Marca_A;487.84;369.88
1416;Relógio V16;Esporte;Relógio;Marca_D;378.9;223.02
1417;Relógio V17;Esporte;Relógio;Marca_C;92.16;71.02
1418;Relógio V18;Esporte;Relógio;Marca_C;787.81;611.01
1419;Relógio V19;Esporte;Relógio;Marca_D;662.89;545.8
1420;Relógio V20;Esporte;Relógio;Marca_A;53.99;39.15
1421;Relógio V21;Esporte;Relógio;Marca_B;477.04;298.07
1422;Relógio V22;Esporte;Relógio;Marca_B;399.86;222.23
1423;Relógio V23;Esporte;Relógio;Marca_A;798.65;495.87
1424;Relógio V24;Esporte;Relógio;Marca_C;510.11;391.92
1425;Relógio V25;Esporte;Relógio;Marca_A;313.46;255.3
1426;Relógio V26;Esporte;Relógio;Marca_E;503.14;287.45
1427;Relógio V27;Esporte;Relógio;Marca_E;394.25;285.57
1428;Relógio V28;Esporte;Relógio;Marca_C;213.35;132.43
1429;Relógio V29;Esporte;Relógio;Marca_C;695.1;563.56
1430;Relógio V30;Esporte;Relógio;Marca_E;30.61;19.4
1431;Relógio V31;Esporte;Relógio;Marca_D;477.11;398.29
1432;Relógio V32;Esporte;Relógio;Marca_B;237.49;142.57
1433;Relógio V33;Esporte;Relógio;Marca_E;238.15;183.08
1434;Relógio V34;Esporte;Relógio;Marca_D;759.42;638.9
1435;Relógio V35;Esporte;Relógio;Marca_A;696.64;385.7
1436;Relógio V36;Esporte;Relógio;Marca_D;92.28;71.39
1437;Relógio V37;Esporte;Relógio;Marca_B;665.68;545.18
1438;Relógio V38;Esporte;Relógio;Marca_D;327.98;218.31
1439;Relógio V39;Esporte;Relógio;Marca_A;172.86;125.29
1440;Relógio V40;Esporte;Relógio;Marca_A;729.25;449.47
1441;Relógio V41;Esporte;Relógio;Marca_B;566.64;392.15
1442;Relógio V42;Esporte;Relógio;Marca_E;602.82;342.13
1443;Relógio V43;Esporte;Relógio;Marca_B;329.61;287.84
1444;Relógio V44;Esporte;Relógio;Marca_B;535.16;470.07
1445;Relógio V45;Esporte;Relógio;Marca_D;220.6;165.98
1446;Relógio V46;Esporte;Relógio;Marca_E;659.74;418.84
1447;Relógio V47;Esporte;Relógio;Marca_A;442.32;396.49
1448;Relógio V48;Esporte;Relógio;Marca_B;772.08;671.7
1449;Relógio V49;Esporte;Relógio;Marca_E;375.91;281.28
1450;Relógio V50;Esporte;Relógio;Marca_D;493.69;410.41
1451;Suplemento V1;Esporte;Suplemento;Marca_D;229.17;134.75
1452;Suplemento V2;Esporte;Suplemento;Marca_E;33.01;21.14
1453;Suplemento V3;Esporte;Suplemento;Marca_A;638.45;357.25
1454;Suplemento V4;Esporte;Suplemento;Marca_D;506.97;382.95
1455;Suplemento V5;Esporte;Suplemento;Marca_D;168.95;151.51
1456;Suplemento V6;Esporte;Suplemento;Marca_A;309.5;227.27
1457;Suplemento V7;Esporte;Suplemento;Marca_A;798.2;664.16
1458;Suplemento V8;Esporte;Suplemento;Marca_B;696.23;435.92
1459;Suplemento V9;Esporte;Suplemento;Marca_D;719.14;452.34
1460;Suplemento V10;Esporte;Suplemento;Marca_C;799.01;475.66
1461;Suplemento V11;Esporte;Suplemento;Marca_B;714.68;630.91
1462;Suplemento V12;Esporte;Suplemento;Marca_B;767.75;549.54
1463;Suplemento V13;Esporte;Suplemento;Marca_D;223.91;146.6
1464;Suplemento V14;Esporte;Suplemento;Marca_C;338.12;206.69
1465;Suplemento V15;Esporte;Suplemento;Marca_C;235.27;166.47
1466;Suplemento V16;Esporte;Suplemento;Marca_E;798.41;563.51
1467;Suplemento V17;Esporte;Suplemento;Marca_A;636.04;443.92
1468;Suplemento V18;Esporte;Suplemento;Marca_E;293.77;167.58
1469;Suplemento V19;Esporte;Suplemento;Marca_E;125.85;92.94
1470;Suplemento V20;Esporte;Suplemento;Marca_E;100.49;62.95
1471;Suplemento V21;Esporte;Suplemento;Marca_D;741.95;444.6
1472;Suplemento V22;Esporte;Suplemento;Marca_A;491.76;433.49
1473;Suplemento V23;Esporte;Suplemento;Marca_E;662.31;523.28
1474;Suplemento V24;Esporte;Suplemento;Marca_B;630.15;370.54
1475;Suplemento V25;Esporte;Suplemento;Marca_D;308.7;169.98
1476;Suplemento V26;Esporte;Suplemento;Marca_A;402.43;317.61
1477;Suplemento V27;Esporte;Suplemento;Marca_A;53.62;45.77
1478;Suplemento V28;Esporte;Suplemento;Marca_B;391.18;328.87
1479;Suplemento V29;Esporte;Suplemento;Marca_B;156.15;103.34
1480;Suplemento V30;Esporte;Suplemento;Marca_B;160.51;130.8
1481;Suplemento V31;Esporte;Suplemento;Marca_C;361.66;212.92
1482;Suplemento V32;Esporte;Suplemento;Marca_B;513.78;378.33
1483;Suplemento V33;Esporte;Suplemento;Marca_B;219.59;156.17
1484;Suplemento V34;Esporte;Suplemento;Marca_C;526.87;330.81
1485;Suplemento V35;Esporte;Suplemento;Marca_D;336.24;280.69
1486;Suplemento V36;Esporte;Suplemento;Marca_D;379.42;221.43
1487;Suplemento V37;Esporte;Suplemento;Marca_E;278.54;210.52
1488;Suplemento V38;Esporte;Suplemento;Marca_B;699.84;596.49
1489;Suplemento V39;Esporte;Suplemento;Marca_A;333.65;221.95
1490;Suplemento V40;Esporte;Suplemento;Marca_B;378.42;283.49
1491;Suplemento V41;Esporte;Suplemento;Marca_A;401.52;314.09
1492;Suplemento V42;Esporte;Suplemento;Marca_B;275.63;184.67
1493;Suplemento V43;Esporte;Suplemento;Marca_B;331.16;243.33
1494;Suplemento V44;Esporte;Suplemento;Marca_E;65.95;37.18
1495;Suplemento V45;Esporte;Suplemento;Marca_D;674.9;461.9
1496;Suplemento V46;Esporte;Suplemento;Marca_B;630.65;424.19
1497;Suplemento V47;Esporte;Suplemento;Marca_A;727.02;515.28
1498;Suplemento V48;Esporte;Suplemento;Marca_C;703.68;464.35
1499;Suplemento V49;Esporte;Suplemento;Marca_B;109.43;89.15
1500;Suplemento V50;Esporte;Suplemento;Marca_C;690.01;559.62
